show_id,country
s1,United States
s2,South Africa
s3,Unknown
s4,Unknown
s5,India
s6,Unknown
s7,Unknown
s8,United States
s8,Ghana
s8,Burkina Faso
s8,United Kingdom
s8,Germany
s8,Ethiopia
s9,United Kingdom
s10,United States
s11,Unknown
s12,Unknown
s13,Germany
s13,Czech Republic
s14,Unknown
s15,Unknown
s16,United States
s17,Unknown
s18,Mexico
s19,Unknown
s20,Unknown
s21,Unknown
s22,Turkey
s23,Unknown
s24,Unknown
s25,India
s26,Australia
s27,Unknown
s28,United States
s29,United States
s30,United States
s30,India
s30,France
s31,Unknown
s32,Unknown
s33,United Kingdom
s34,Unknown
s35,Unknown
s36,Unknown
s37,Unknown
s38,Finland
s39,China
s39,Canada
s39,United States
s40,India
s41,United States
s42,United States
s43,United States
s44,United States
s45,United States
s46,Unknown
s47,South Africa
s47,United States
s47,Japan
s48,Unknown
s49,United States
s50,Nigeria
s51,India
s52,Japan
s53,Japan
s54,Japan
s55,Japan
s56,United States
s57,Japan
s58,Japan
s59,Japan
s60,Japan
s61,Japan
s62,Japan
s63,Japan
s64,Japan
s65,Unknown
s66,United Kingdom
s67,India
s68,United States
s69,Unknown
s70,India
s71,Unknown
s72,Unknown
s73,United Kingdom
s74,Nigeria
s75,Unknown
s76,Unknown
s77,Japan
s78,Unknown
s79,Unknown
s80,Unknown
s81,Unknown
s82,United States
s83,United States
s84,Unknown
s85,Nigeria
s86,Unknown
s87,Unknown
s88,Unknown
s89,Unknown
s90,Unknown
s91,Spain
s91,United States
s92,France
s93,Belgium
s94,Unknown
s95,United Kingdom
s95,United States
s96,United States
s96,United Kingdom
s97,United States
s98,United States
s99,United Kingdom
s100,France
s100,United States
s101,Unknown
s102,United States
s103,Unknown
s104,Unknown
s105,South Korea
s106,India
s107,United States
s108,United States
s109,Australia
s110,Spain
s111,Unknown
s112,United States
s112,Singapore
s113,Unknown
s114,Unknown
s115,India
s116,United Kingdom
s116,Australia
s116,France
s117,India
s118,United Kingdom
s118,United States
s119,India
s120,Unknown
s121,Australia
s122,Unknown
s123,United Kingdom
s123,Australia
s123,France
s123,United States
s124,Unknown
s125,South Korea
s126,United States
s127,India
s128,United States
s128,Canada
s129,Unknown
s130,Germany
s130,United States
s131,Unknown
s132,United States
s133,Unknown
s134,South Africa
s134,United States
s135,United States
s135,Mexico
s136,United States
s136,Italy
s136,France
s136,Japan
s137,United States
s137,Italy
s137,Romania
s137,United Kingdom
s138,Australia
s138,United States
s139,United States
s140,United States
s141,Argentina
s141,Venezuela
s142,United States
s142,United Kingdom
s142,Canada
s143,Germany
s143,United States
s144,United States
s145,United States
s146,United States
s147,United States
s148,Unknown
s149,Unknown
s150,United States
s151,United States
s152,China
s152,Hong Kong
s153,United States
s154,Russia
s155,Japan
s156,United Kingdom
s156,United States
s157,United States
s158,Canada
s159,United States
s160,Hong Kong
s161,United States
s162,United States
s163,United States
s163,China
s163,Hong Kong
s164,United States
s165,United States
s166,Unknown
s167,Italy
s167,United States
s168,United States
s168,Canada
s169,United States
s170,United States
s171,United States
s172,United States
s173,United States
s173,Germany
s174,United States
s175,United States
s176,United States
s177,United States
s178,United Kingdom
s178,United States
s179,United States
s180,United States
s181,Unknown
s182,Unknown
s183,United States
s184,United States
s185,United States
s186,Unknown
s187,Unknown
s188,Unknown
s189,France
s190,Unknown
s191,India
s192,United Kingdom
s192,Canada
s192,United States
s193,India
s194,South Korea
s195,Unknown
s196,India
s197,Unknown
s198,Unknown
s199,Nigeria
s200,India
s201,India
s202,India
s203,India
s204,India
s205,India
s206,India
s207,India
s208,India
s209,India
s210,India
s211,India
s212,India
s213,Ireland
s214,Unknown
s215,Unknown
s216,India
s217,India
s218,India
s219,Unknown
s220,Japan
s221,United States
s222,Unknown
s223,Unknown
s224,Unknown
s225,Unknown
s226,Unknown
s227,Unknown
s228,United States
s229,United States
s229,United Kingdom
s230,United States
s231,Unknown
s232,United States
s233,United States
s234,United Kingdom
s235,Unknown
s236,Unknown
s237,Unknown
s238,Unknown
s239,Unknown
s240,Unknown
s241,Unknown
s242,United States
s243,Unknown
s244,Unknown
s245,Unknown
s246,Unknown
s247,Unknown
s248,United States
s249,Unknown
s250,Unknown
s251,Unknown
s252,United States
s253,Unknown
s254,India
s255,United States
s256,Unknown
s257,Unknown
s258,Unknown
s259,Unknown
s260,India
s260,Nepal
s261,Unknown
s262,Unknown
s263,Unknown
s264,United States
s265,United States
s266,Japan
s267,India
s268,New Zealand
s268,Australia
s268,France
s268,United States
s269,Unknown
s270,Italy
s271,Italy
s271,Brazil
s271,Greece
s272,United States
s273,United States
s274,France
s275,United States
s276,Argentina
s277,Spain
s278,Jordan
s279,Colombia
s280,United States
s280,Japan
s281,United States
s282,Nigeria
s283,Mexico
s284,Belgium
s284,United Kingdom
s285,United Kingdom
s285,United States
s286,Switzerland
s286,United Kingdom
s286,Australia
s287,United States
s288,Unknown
s289,Colombia
s290,South Korea
s291,United States
s292,Japan
s293,United Kingdom
s294,South Africa
s295,Unknown
s296,United States
s297,Israel
s297,United States
s298,India
s299,Nigeria
s300,France
s301,Canada
s301,United States
s302,India
s303,Brazil
s304,Argentina
s305,United Kingdom
s306,Argentina
s306,Spain
s307,Nigeria
s308,United States
s309,United States
s310,Unknown
s311,United States
s312,Mexico
s313,United States
s314,Taiwan
s315,United States
s316,United States
s316,Nigeria
s317,Taiwan
s318,United States
s319,Unknown
s320,Taiwan
s321,Unknown
s322,Taiwan
s323,Taiwan
s324,United States
s325,Italy
s326,United States
s327,United States
s328,United States
s328,United Kingdom
s329,Bulgaria
s329,United States
s330,United States
s330,Canada
s331,United States
s331,Canada
s332,Unknown
s333,United States
s333,Mexico
s334,United States
s335,United States
s336,United States
s337,Unknown
s338,United States
s338,Canada
s339,Japan
s340,Unknown
s341,United States
s341,United Kingdom
s342,United States
s343,United States
s344,United States
s345,United States
s346,United States
s346,Canada
s347,United States
s348,Spain
s348,United Kingdom
s348,United States
s349,United Kingdom
s349,United States
s350,United States
s351,United States
s352,United States
s352,Germany
s353,United States
s353,China
s354,United States
s355,United States
s356,United States
s357,United States
s357,France
s358,Spain
s358,France
s358,United Kingdom
s358,United States
s359,United States
s360,United States
s361,United States
s362,United States
s363,Unknown
s364,Unknown
s365,Unknown
s366,France
s366,Algeria
s367,United Kingdom
s368,Unknown
s369,Unknown
s370,Unknown
s371,United States
s372,Unknown
s373,Unknown
s374,Unknown
s375,Nigeria
s376,Unknown
s377,Unknown
s378,Poland
s379,United States
s380,Unknown
s381,United States
s382,Unknown
s383,United States
s384,India
s385,Unknown
s386,Germany
s387,United States
s387,Canada
s388,Unknown
s389,Unknown
s390,France
s390,Israel
s390,Germany
s390,United States
s390,United Kingdom
s391,United States
s392,Canada
s392,United States
s393,United States
s394,Australia
s395,Unknown
s396,Unknown
s397,Unknown
s398,Unknown
s399,Unknown
s400,Unknown
s401,Unknown
s402,Spain
s403,United Kingdom
s404,United States
s405,Unknown
s406,Unknown
s407,Unknown
s408,Unknown
s409,Unknown
s410,Unknown
s411,India
s412,Unknown
s413,Unknown
s414,Unknown
s415,Unknown
s416,India
s417,Unknown
s418,Unknown
s419,Unknown
s420,Unknown
s421,Unknown
s422,Unknown
s423,Unknown
s424,Unknown
s425,Unknown
s426,United States
s427,New Zealand
s428,Unknown
s429,Unknown
s430,Nigeria
s431,Unknown
s432,Unknown
s433,Unknown
s434,United States
s435,Argentina
s436,Unknown
s437,Saudi Arabia
s438,United States
s439,Unknown
s440,Thailand
s441,United States
s442,Unknown
s443,United States
s443,Canada
s444,Unknown
s445,Unknown
s446,United States
s447,United States
s448,United States
s449,United States
s450,United States
s451,United States
s452,United States
s453,Indonesia
s454,Japan
s455,Unknown
s456,Unknown
s457,South Korea
s458,Egypt
s458,Denmark
s458,Germany
s459,Unknown
s460,United States
s461,United States
s461,Canada
s462,Unknown
s463,United States
s464,Italy
s465,Unknown
s466,Unknown
s467,Unknown
s468,Unknown
s469,Unknown
s470,United States
s470,Canada
s471,Unknown
s472,Unknown
s473,United States
s474,United States
s475,United States
s475,Switzerland
s476,Unknown
s477,Unknown
s478,United States
s479,Germany
s480,Unknown
s481,Unknown
s482,Unknown
s483,Unknown
s484,Unknown
s485,Unknown
s486,Unknown
s487,Hong Kong
s487,Canada
s487,United States
s488,Unknown
s489,United States
s490,Kuwait
s490,United States
s491,Unknown
s492,United States
s493,United States
s494,United States
s494,Japan
s495,United States
s496,Unknown
s497,France
s497,Canada
s497,United States
s497,Spain
s498,Unknown
s499,Unknown
s500,United States
s501,Unknown
s502,Unknown
s503,Nigeria
s504,Poland
s505,Unknown
s506,Unknown
s507,Australia
s508,Unknown
s509,France
s509,Netherlands
s509,Singapore
s510,United States
s511,Canada
s512,United States
s513,France
s513,Belgium
s514,United States
s515,United Kingdom
s516,United Kingdom
s517,Thailand
s518,Japan
s519,India
s520,United Kingdom
s521,United States
s522,Canada
s523,Russia
s524,United Kingdom
s525,Japan
s526,United States
s526,Canada
s527,United States
s528,Ireland
s528,United States
s528,United Kingdom
s529,India
s530,Egypt
s531,United States
s532,Malaysia
s533,United States
s534,Israel
s535,Indonesia
s536,Canada
s537,Australia
s538,Japan
s539,United Kingdom
s540,Australia
s540,New Zealand
s541,United Kingdom
s541,Germany
s542,India
s543,India
s544,Belgium
s544,Netherlands
s545,Canada
s546,South Korea
s547,Unknown
s548,United States
s549,United States
s550,Unknown
s551,Unknown
s552,India
s553,Unknown
s554,France
s555,Nigeria
s556,South Korea
s556,Czech Republic
s557,South Korea
s558,Australia
s558,United States
s559,United States
s560,United States
s560,Germany
s561,Unknown
s562,United States
s563,United States
s564,United States
s565,United States
s566,Australia
s566,Germany
s567,United States
s567,Germany
s568,United States
s569,United States
s570,Vietnam
s571,Unknown
s572,Unknown
s573,United Kingdom
s573,Belgium
s574,United States
s574,China
s575,United States
s575,China
s576,United States
s577,United Kingdom
s577,Australia
s577,United States
s578,Unknown
s579,France
s579,Japan
s579,United States
s580,United States
s581,Unknown
s582,United States
s583,United States
s584,United States
s584,United Kingdom
s585,United States
s586,United Kingdom
s586,United States
s587,Unknown
s588,Unknown
s589,United States
s590,United Kingdom
s591,Unknown
s592,United States
s593,United States
s594,United States
s595,United States
s595,Germany
s596,Germany
s596,United States
s597,United States
s598,United States
s599,United States
s599,United Kingdom
s600,United States
s601,United States
s602,United States
s603,United States
s604,United States
s605,United Kingdom
s605,Germany
s605,Spain
s605,United States
s606,United States
s607,United Kingdom
s607,United States
s607,France
s607,Italy
s608,United States
s609,United States
s609,Germany
s609,Canada
s610,United States
s610,France
s610,Italy
s610,United Kingdom
s611,United States
s611,United Kingdom
s611,Germany
s611,Hungary
s612,United States
s612,Canada
s613,United States
s613,New Zealand
s614,Nigeria
s615,United States
s615,New Zealand
s616,United States
s617,Unknown
s618,Sweden
s619,United States
s620,Unknown
s621,United States
s622,Unknown
s623,United States
s624,Unknown
s625,Unknown
s626,Mexico
s627,Unknown
s628,China
s629,United States
s630,Unknown
s631,United States
s632,Japan
s633,Unknown
s634,Unknown
s635,France
s636,Lebanon
s637,United States
s637,Canada
s638,Unknown
s639,United States
s640,Unknown
s641,Unknown
s642,Unknown
s643,Japan
s644,United States
s645,Unknown
s646,Unknown
s647,Unknown
s648,Unknown
s649,United States
s650,Unknown
s651,Brazil
s652,Nigeria
s653,Unknown
s654,Unknown
s655,Romania
s656,Romania
s657,Romania
s658,United States
s659,Unknown
s660,Thailand
s661,United States
s662,France
s663,United States
s664,Unknown
s665,Spain
s666,Finland
s666,Germany
s667,Unknown
s668,United States
s669,United States
s670,Spain
s671,Unknown
s672,Unknown
s673,Unknown
s674,Argentina
s675,United States
s676,Japan
s677,United States
s678,Canada
s678,United States
s679,United States
s680,Thailand
s681,United States
s682,United Kingdom
s683,Australia
s684,Unknown
s685,Spain
s686,United States
s687,South Korea
s688,Unknown
s689,Nigeria
s690,Unknown
s691,Unknown
s692,Unknown
s693,Unknown
s694,Unknown
s695,Lebanon
s695,Syria
s696,Unknown
s697,Canada
s697,United States
s698,Unknown
s699,Philippines
s700,Iceland
s701,Unknown
s702,Canada
s703,United States
s704,Turkey
s705,Unknown
s706,Germany
s707,Unknown
s708,Unknown
s709,United States
s710,Argentina
s711,Unknown
s712,Italy
s713,Unknown
s714,United States
s715,Unknown
s716,Unknown
s717,United States
s718,Unknown
s719,United States
s720,United States
s721,Unknown
s722,United States
s723,United States
s724,United States
s725,United States
s725,United Kingdom
s726,Unknown
s727,United States
s728,United States
s729,United States
s730,Unknown
s731,Unknown
s732,South Korea
s733,Unknown
s734,Denmark
s735,France
s735,United States
s736,India
s737,United States
s737,India
s738,Philippines
s738,Singapore
s738,Indonesia
s739,Unknown
s740,China
s740,United States
s740,Canada
s741,United States
s742,Lebanon
s742,United Arab Emirates
s743,Vietnam
s744,Canada
s744,United States
s744,Denmark
s745,Colombia
s746,United Arab Emirates
s747,United States
s748,Nigeria
s749,United States
s750,United States
s751,Mexico
s751,France
s751,Colombia
s752,Unknown
s753,United States
s753,United Kingdom
s754,Colombia
s755,United Kingdom
s755,United States
s756,Netherlands
s757,Nigeria
s758,United States
s759,United Kingdom
s760,Unknown
s761,Unknown
s762,Unknown
s763,South Korea
s764,United States
s765,South Africa
s766,Spain
s767,Mexico
s768,Japan
s769,Sweden
s770,Argentina
s771,United Arab Emirates
s772,Unknown
s773,Italy
s774,Philippines
s775,United States
s776,United States
s777,United States
s778,United States
s779,Japan
s780,United States
s781,United Kingdom
s782,Unknown
s783,Canada
s783,United States
s784,Brazil
s785,United States
s785,Canada
s786,United States
s787,United States
s788,United States
s789,United States
s790,United Kingdom
s791,United States
s792,United States
s793,United States
s794,United States
s795,Nigeria
s796,United States
s797,United States
s798,United States
s799,United States
s800,United States
s801,United States
s802,United States
s803,Germany
s803,United States
s803,France
s804,Japan
s805,Canada
s805,United States
s806,Unknown
s807,Unknown
s808,Unknown
s809,United States
s809,Bulgaria
s810,United States
s811,United States
s812,Unknown
s813,United States
s814,United States
s814,Canada
s815,United States
s816,Unknown
s817,United Kingdom
s817,France
s817,Germany
s817,United States
s818,United States
s819,United States
s820,United States
s821,United Arab Emirates
s822,United Kingdom
s823,United States
s824,United States
s825,United States
s826,United States
s827,United States
s828,Unknown
s829,United States
s830,Unknown
s831,United States
s832,Unknown
s833,Unknown
s834,Israel
s835,United States
s836,Unknown
s837,Thailand
s838,Norway
s838,Denmark
s839,Argentina
s840,Syria
s840,France
s840,Lebanon
s840,Qatar
s841,Italy
s842,Unknown
s843,Unknown
s844,Japan
s845,Unknown
s846,Unknown
s847,United States
s848,Unknown
s849,United States
s850,Unknown
s851,India
s852,Unknown
s853,Unknown
s854,United States
s855,Unknown
s856,United States
s857,Unknown
s858,Spain
s859,Unknown
s860,Egypt
s861,Australia
s862,Unknown
s863,United States
s864,United States
s865,Unknown
s866,United States
s867,United States
s868,United States
s869,Canada
s869,United States
s870,Mexico
s871,United States
s872,India
s873,United States
s874,India
s875,United Kingdom
s876,Unknown
s877,India
s878,India
s879,Belgium
s879,Netherlands
s880,United States
s881,United States
s881,Czech Republic
s882,South Africa
s883,Mauritius
s884,United States
s885,South Korea
s886,Canada
s886,South Africa
s887,Unknown
s888,Austria
s889,Unknown
s890,United States
s891,United States
s892,United Kingdom
s893,India
s894,Unknown
s895,Mexico
s895,Brazil
s896,France
s896,United States
s897,United States
s898,Unknown
s899,Unknown
s900,Spain
s901,United States
s902,United States
s903,South Korea
s904,India
s905,United States
s906,China
s907,Turkey
s908,United States
s909,United States
s910,India
s911,United States
s912,India
s913,Unknown
s914,India
s915,United Kingdom
s915,United States
s916,Germany
s916,France
s917,United States
s918,United States
s919,India
s920,United States
s921,Mexico
s921,United States
s922,United States
s923,United States
s924,Unknown
s925,United States
s926,Unknown
s927,United States
s928,Unknown
s929,United States
s930,Unknown
s931,United States
s932,United States
s933,United Kingdom
s933,France
s933,Spain
s933,United States
s934,United Kingdom
s934,United States
s935,United Kingdom
s935,Canada
s935,United States
s936,United States
s937,Unknown
s938,Unknown
s939,Unknown
s940,Unknown
s941,Unknown
s942,Unknown
s943,United States
s943,Australia
s944,United States
s945,China
s946,United Kingdom
s947,United States
s947,France
s948,United States
s948,United Kingdom
s948,France
s949,United States
s950,United States
s950,Russia
s951,United States
s951,United Kingdom
s951,New Zealand
s952,United States
s953,United States
s954,United States
s955,Canada
s956,France
s956,United States
s957,United States
s958,Unknown
s959,Unknown
s960,India
s961,Unknown
s962,Unknown
s963,United States
s963,United Kingdom
s964,Unknown
s965,Unknown
s966,Unknown
s967,Brazil
s968,Unknown
s969,Poland
s970,United States
s971,United States
s972,Spain
s973,Turkey
s974,India
s975,India
s976,United States
s977,Turkey
s978,Turkey
s979,Turkey
s980,Turkey
s981,Turkey
s982,Turkey
s983,Turkey
s984,Spain
s985,Turkey
s986,Turkey
s987,Turkey
s988,Unknown
s989,Thailand
s990,Turkey
s991,Turkey
s992,Egypt
s993,Unknown
s994,United States
s995,Nigeria
s996,Turkey
s997,Japan
s998,Australia
s998,United Kingdom
s999,India
s1000,Germany
s1000,United States
s1001,Unknown
s1002,Canada
s1002,Nigeria
s1002,United States
s1003,Mexico
s1004,Italy
s1005,Australia
s1006,Unknown
s1007,Unknown
s1008,Unknown
s1009,Unknown
s1010,Unknown
s1011,Unknown
s1012,United States
s1013,Mexico
s1014,France
s1014,United States
s1014,United Kingdom
s1014,Canada
s1015,France
s1015,United Kingdom
s1016,United States
s1017,India
s1018,India
s1019,India
s1020,India
s1020,United Kingdom
s1021,India
s1022,India
s1023,India
s1024,India
s1025,United States
s1026,Unknown
s1027,United States
s1028,Canada
s1028,United States
s1028,Mexico
s1029,Unknown
s1030,United States
s1031,Philippines
s1032,Germany
s1033,South Korea
s1034,United Kingdom
s1034,Germany
s1034,United States
s1035,United States
s1036,Czech Republic
s1036,United Kingdom
s1036,United States
s1037,United States
s1038,India
s1039,Unknown
s1040,United States
s1041,Japan
s1042,Japan
s1043,United States
s1044,United States
s1045,Japan
s1046,United States
s1047,United States
s1048,Lebanon
s1049,United States
s1049,France
s1050,China
s1050,United Kingdom
s1051,Japan
s1052,Japan
s1053,United States
s1054,United States
s1055,Unknown
s1056,United States
s1057,Unknown
s1058,United States
s1059,Italy
s1059,United Kingdom
s1060,United States
s1061,United States
s1061,India
s1062,United States
s1063,South Korea
s1064,United States
s1065,South Korea
s1066,Canada
s1067,China
s1067,Taiwan
s1068,Thailand
s1069,United States
s1070,India
s1071,United States
s1072,Unknown
s1073,Unknown
s1074,Unknown
s1075,Unknown
s1076,United States
s1076,Brazil
s1076,Japan
s1076,Spain
s1076,India
s1077,Unknown
s1078,Unknown
s1079,Unknown
s1080,Israel
s1080,United States
s1081,China
s1082,United States
s1083,Unknown
s1084,United States
s1085,China
s1086,South Korea
s1087,Nigeria
s1088,India
s1089,United States
s1090,United States
s1091,Indonesia
s1092,Japan
s1093,Unknown
s1094,India
s1095,Unknown
s1096,Unknown
s1097,Unknown
s1098,United States
s1098,China
s1098,United Kingdom
s1099,India
s1100,Cameroon
s1101,United States
s1102,United States
s1102,Canada
s1103,United States
s1104,China
s1105,United States
s1105,Canada
s1106,United Kingdom
s1106,United States
s1107,United States
s1108,Nigeria
s1109,India
s1110,Netherlands
s1111,France
s1112,United States
s1112,United Kingdom
s1112,France
s1113,United States
s1114,United States
s1115,India
s1116,India
s1117,Unknown
s1118,Lebanon
s1118,Palestine
s1118,Denmark
s1118,Qatar
s1119,United States
s1119,Canada
s1120,United States
s1120,Canada
s1121,Japan
s1121,United States
s1122,United States
s1123,India
s1124,Uruguay
s1124,Germany
s1125,United States
s1126,United Kingdom
s1127,United States
s1128,United States
s1129,United States
s1130,United Kingdom
s1131,Unknown
s1132,Japan
s1133,Unknown
s1134,United States
s1135,United States
s1135,Japan
s1136,United States
s1137,Indonesia
s1138,Egypt
s1138,Saudi Arabia
s1139,United Kingdom
s1139,France
s1139,Poland
s1139,Germany
s1139,United States
s1140,United States
s1141,United States
s1142,India
s1143,United States
s1144,United States
s1145,United States
s1145,United Kingdom
s1146,Ireland
s1146,Switzerland
s1146,United Kingdom
s1146,France
s1146,United States
s1147,United States
s1147,Mexico
s1148,United Kingdom
s1149,South Korea
s1150,Japan
s1151,United States
s1152,China
s1152,United Kingdom
s1153,United States
s1154,United Kingdom
s1154,South Africa
s1154,France
s1155,United States
s1156,Nigeria
s1157,United States
s1158,United States
s1159,United States
s1160,Unknown
s1161,Ireland
s1161,United Kingdom
s1161,France
s1161,Germany
s1162,United Kingdom
s1163,Turkey
s1164,Spain
s1165,Spain
s1166,India
s1167,United Kingdom
s1168,Italy
s1169,United States
s1170,Japan
s1171,Russia
s1171,United States
s1172,United States
s1173,South Africa
s1174,South Korea
s1175,South Korea
s1176,United Kingdom
s1176,United States
s1176,France
s1177,Japan
s1178,Taiwan
s1179,United States
s1180,United States
s1180,Japan
s1181,Unknown
s1182,United States
s1183,United Kingdom
s1184,Unknown
s1185,China
s1186,Nigeria
s1187,Japan
s1188,United States
s1189,Brazil
s1190,United States
s1191,United Kingdom
s1191,United States
s1192,United States
s1193,United Kingdom
s1194,Unknown
s1195,Nigeria
s1196,United States
s1197,Belgium
s1198,United Kingdom
s1198,United States
s1199,Germany
s1200,United States
s1201,United States
s1202,Egypt
s1203,India
s1204,United States
s1204,India
s1204,United Kingdom
s1205,United States
s1206,United States
s1206,United Kingdom
s1207,United Kingdom
s1208,Unknown
s1209,Turkey
s1210,Kenya
s1211,South Korea
s1212,Turkey
s1213,Turkey
s1214,United States
s1215,Unknown
s1216,Turkey
s1217,Turkey
s1218,United Kingdom
s1219,United States
s1220,Turkey
s1221,Spain
s1221,Argentina
s1222,Indonesia
s1223,United States
s1224,France
s1225,Unknown
s1226,Unknown
s1227,Germany
s1228,India
s1229,India
s1229,United Kingdom
s1229,France
s1229,Qatar
s1230,Egypt
s1231,India
s1232,United States
s1233,Colombia
s1234,Nigeria
s1235,Spain
s1236,Unknown
s1237,France
s1238,Indonesia
s1239,United States
s1239,Australia
s1240,United States
s1241,United States
s1242,United States
s1243,United States
s1244,United States
s1245,India
s1246,United States
s1247,Unknown
s1248,Unknown
s1249,United States
s1250,Unknown
s1251,Unknown
s1252,United States
s1252,United Kingdom
s1253,Germany
s1254,United States
s1255,United States
s1256,Unknown
s1257,United States
s1257,Germany
s1258,Japan
s1259,Belgium
s1259,France
s1260,United States
s1261,Spain
s1262,Argentina
s1262,Chile
s1263,Unknown
s1264,United States
s1264,Thailand
s1265,United States
s1266,India
s1267,Chile
s1267,Brazil
s1268,Germany
s1269,United States
s1269,Colombia
s1270,Indonesia
s1271,United States
s1271,Colombia
s1272,Unknown
s1273,United States
s1274,Japan
s1275,United States
s1276,United States
s1277,Unknown
s1278,United States
s1279,United States
s1280,Canada
s1281,United Kingdom
s1282,India
s1283,India
s1284,United States
s1285,Canada
s1285,United States
s1285,United Kingdom
s1286,South Korea
s1287,Taiwan
s1288,United Kingdom
s1289,United States
s1290,Unknown
s1291,United Kingdom
s1291,United States
s1292,India
s1293,Uruguay
s1294,India
s1295,Germany
s1296,India
s1297,South Korea
s1298,United States
s1299,South Korea
s1300,Unknown
s1301,United States
s1302,United Kingdom
s1303,United States
s1304,United States
s1305,United States
s1306,India
s1307,United States
s1308,United States
s1309,United Kingdom
s1310,United States
s1311,United States
s1312,Nigeria
s1313,United Kingdom
s1314,United States
s1315,United States
s1316,Spain
s1317,India
s1318,United Kingdom
s1319,United States
s1320,Mexico
s1321,Luxembourg
s1322,Mexico
s1323,Spain
s1324,Indonesia
s1325,United States
s1326,Sweden
s1327,Poland
s1328,United States
s1329,United States
s1330,France
s1331,United States
s1332,United States
s1333,United States
s1334,United States
s1334,Cambodia
s1334,Romania
s1335,China
s1336,United States
s1337,France
s1338,Bangladesh
s1339,Spain
s1340,Brazil
s1341,Taiwan
s1342,United States
s1343,South Korea
s1344,United States
s1345,Italy
s1346,China
s1347,Poland
s1348,Spain
s1348,Belgium
s1348,United States
s1349,United States
s1350,Colombia
s1351,United States
s1352,Mexico
s1353,United States
s1354,United States
s1355,Canada
s1356,United States
s1357,United States
s1358,United Kingdom
s1359,United States
s1360,United Kingdom
s1360,United States
s1360,Australia
s1361,Philippines
s1362,United States
s1363,Canada
s1363,United States
s1363,France
s1364,United States
s1365,United States
s1366,France
s1367,Portugal
s1367,United States
s1368,United States
s1369,Spain
s1370,United States
s1371,United Kingdom
s1372,United States
s1373,Indonesia
s1374,Turkey
s1375,United States
s1376,United States
s1377,India
s1378,United States
s1379,Australia
s1379,United States
s1380,Nigeria
s1381,United States
s1381,United Kingdom
s1382,Unknown
s1383,Unknown
s1384,Canada
s1385,South Korea
s1386,Japan
s1387,Portugal
s1387,Spain
s1388,United States
s1388,France
s1389,India
s1389,United States
s1390,United States
s1391,United Kingdom
s1391,Ireland
s1392,United States
s1393,Mexico
s1394,United States
s1395,United States
s1396,United States
s1397,United States
s1398,United Kingdom
s1398,Spain
s1398,United States
s1399,United States
s1399,Thailand
s1400,United States
s1401,United States
s1402,United States
s1403,United States
s1404,Brazil
s1405,United States
s1406,Hungary
s1406,United States
s1407,United States
s1408,United States
s1408,South Korea
s1409,United States
s1409,Canada
s1410,United States
s1411,India
s1412,United States
s1413,South Korea
s1414,Indonesia
s1415,Indonesia
s1416,United States
s1417,United States
s1418,Argentina
s1419,Unknown
s1420,United Kingdom
s1421,United States
s1422,France
s1423,India
s1424,India
s1425,Canada
s1425,United States
s1425,Cayman Islands
s1426,United States
s1427,India
s1428,United Kingdom
s1429,India
s1429,France
s1430,India
s1431,United States
s1432,Turkey
s1433,Spain
s1434,Indonesia
s1435,France
s1435,Canada
s1436,Canada
s1436,Hungary
s1436,United States
s1437,Unknown
s1438,United States
s1439,France
s1440,United States
s1441,Mexico
s1441,United States
s1442,India
s1443,Unknown
s1444,United States
s1445,United States
s1446,Norway
s1447,United States
s1448,United States
s1448,Canada
s1449,United States
s1450,United States
s1451,United States
s1452,United States
s1453,United States
s1454,United States
s1455,United States
s1456,United States
s1457,United States
s1458,United States
s1459,United Kingdom
s1460,United States
s1461,Mexico
s1462,United States
s1463,Unknown
s1464,Canada
s1464,United Kingdom
s1464,United States
s1465,United States
s1466,United States
s1467,United States
s1468,United Kingdom
s1468,Germany
s1468,France
s1468,United States
s1469,South Korea
s1470,United States
s1471,United States
s1472,Unknown
s1473,India
s1474,United States
s1475,Indonesia
s1476,Indonesia
s1477,United States
s1478,United States
s1479,Denmark
s1479,United States
s1480,Italy
s1481,United Kingdom
s1482,Taiwan
s1483,Unknown
s1484,South Korea
s1485,United States
s1486,United States
s1486,Canada
s1487,United States
s1488,Senegal
s1489,France
s1489,Algeria
s1490,India
s1491,Canada
s1492,India
s1493,United States
s1494,Philippines
s1495,United States
s1496,Indonesia
s1497,Indonesia
s1498,Philippines
s1499,United States
s1500,United States
s1501,Taiwan
s1502,United States
s1503,United States
s1504,South Korea
s1505,Netherlands
s1506,United States
s1507,United Kingdom
s1507,Finland
s1507,Germany
s1507,United States
s1507,Australia
s1507,Japan
s1507,France
s1507,Ireland
s1508,United Kingdom
s1509,United Kingdom
s1510,United States
s1511,United States
s1511,United Kingdom
s1512,Egypt
s1513,United Kingdom
s1514,United States
s1515,South Africa
s1516,United States
s1517,Norway
s1518,United States
s1519,Unknown
s1520,Malaysia
s1521,India
s1522,Malaysia
s1523,Malaysia
s1524,Colombia
s1525,Canada
s1526,Indonesia
s1527,Philippines
s1528,Netherlands
s1529,South Korea
s1530,Philippines
s1531,United States
s1532,Unknown
s1533,Brazil
s1534,Unknown
s1535,Philippines
s1535,Canada
s1535,United Kingdom
s1535,United States
s1536,South Africa
s1537,United States
s1538,United States
s1539,United States
s1539,Japan
s1540,Japan
s1541,United States
s1542,United Kingdom
s1543,India
s1544,United States
s1545,Canada
s1546,United States
s1547,United States
s1548,United States
s1549,United States
s1550,Ireland
s1550,France
s1550,Iceland
s1550,United States
s1550,Mexico
s1550,Belgium
s1550,United Kingdom
s1550,Hong Kong
s1551,United States
s1552,United Kingdom
s1552,Canada
s1552,United States
s1553,United States
s1554,United States
s1555,Lebanon
s1556,France
s1557,Unknown
s1558,United States
s1559,United States
s1560,Spain
s1561,United States
s1562,India
s1563,Japan
s1564,Canada
s1564,United States
s1565,Unknown
s1566,Philippines
s1567,Philippines
s1568,Philippines
s1569,Philippines
s1570,Saudi Arabia
s1571,Egypt
s1572,Italy
s1573,United States
s1574,United States
s1575,United States
s1576,Singapore
s1577,United States
s1578,Brazil
s1579,Kuwait
s1580,United States
s1581,United States
s1582,Unknown
s1583,United States
s1584,South Korea
s1585,United States
s1586,Unknown
s1587,France
s1588,Taiwan
s1589,Canada
s1590,India
s1591,United States
s1592,United States
s1593,Germany
s1594,South Africa
s1595,Turkey
s1596,United States
s1597,Unknown
s1598,United States
s1599,Philippines
s1600,France
s1600,Belgium
s1601,Unknown
s1602,Brazil
s1603,Philippines
s1604,United Kingdom
s1605,Iceland
s1606,Indonesia
s1607,Poland
s1608,Germany
s1609,United States
s1609,France
s1609,Serbia
s1610,United States
s1611,United States
s1611,Italy
s1612,United States
s1613,United States
s1614,United Kingdom
s1615,Spain
s1615,Italy
s1616,United States
s1617,United States
s1618,United States
s1619,United States
s1619,Ireland
s1619,United Kingdom
s1619,India
s1620,United Kingdom
s1620,Singapore
s1621,Hong Kong
s1621,United States
s1622,Australia
s1622,United States
s1623,United States
s1623,Canada
s1624,United States
s1625,United States
s1625,Malta
s1625,France
s1625,United Kingdom
s1626,South Korea
s1627,United States
s1627,China
s1627,Canada
s1628,United States
s1629,United Kingdom
s1630,Philippines
s1631,Philippines
s1632,United States
s1633,United States
s1634,United States
s1635,South Korea
s1636,United States
s1637,United States
s1638,Spain
s1639,India
s1640,Australia
s1641,Germany
s1642,United States
s1643,Italy
s1644,South Korea
s1645,Philippines
s1646,United States
s1647,United States
s1648,Philippines
s1649,United Kingdom
s1650,Japan
s1651,United Kingdom
s1651,United States
s1652,Canada
s1653,Unknown
s1654,India
s1655,Nigeria
s1656,United States
s1657,United States
s1658,Argentina
s1659,Egypt
s1660,United States
s1661,United States
s1662,South Korea
s1663,Egypt
s1664,United States
s1665,United States
s1665,Russia
s1666,Kenya
s1667,United States
s1668,China
s1669,Unknown
s1670,United States
s1671,India
s1672,United States
s1673,United States
s1674,India
s1675,India
s1676,India
s1677,India
s1678,Philippines
s1679,India
s1680,India
s1681,India
s1682,United States
s1683,Philippines
s1684,India
s1685,United States
s1686,United States
s1686,Japan
s1687,United States
s1688,United States
s1689,United States
s1690,United Kingdom
s1690,United States
s1691,United States
s1692,United States
s1692,Canada
s1693,United States
s1694,Japan
s1695,United States
s1696,Canada
s1697,Canada
s1697,United States
s1697,Ireland
s1698,United States
s1699,United Kingdom
s1699,United States
s1700,United States
s1701,United States
s1702,United States
s1703,India
s1704,United States
s1705,Brazil
s1706,Italy
s1707,Spain
s1708,Philippines
s1709,Turkey
s1710,Philippines
s1711,United States
s1712,South Korea
s1713,India
s1714,Argentina
s1715,United States
s1715,Canada
s1716,Brazil
s1717,Australia
s1718,United States
s1719,United States
s1720,Lebanon
s1720,Canada
s1720,France
s1721,Austria
s1722,United States
s1723,United States
s1724,Unknown
s1725,Japan
s1725,Canada
s1725,United States
s1726,Nigeria
s1727,United States
s1728,Taiwan
s1729,Spain
s1729,France
s1729,Canada
s1730,United States
s1731,Australia
s1732,United States
s1733,Philippines
s1734,Argentina
s1735,Canada
s1736,Philippines
s1737,United States
s1738,Egypt
s1739,Canada
s1740,Canada
s1741,Sweden
s1742,India
s1743,Germany
s1744,Japan
s1745,Unknown
s1746,Unknown
s1747,Canada
s1748,Canada
s1748,United States
s1749,United States
s1750,United States
s1751,United States
s1752,United States
s1753,United States
s1754,Canada
s1755,United States
s1756,United States
s1757,United States
s1758,United States
s1759,Canada
s1760,Denmark
s1760,Singapore
s1760,Canada
s1760,United States
s1761,United States
s1761,France
s1761,Denmark
s1762,United States
s1763,United States
s1763,China
s1763,Colombia
s1764,United States
s1765,United Kingdom
s1765,France
s1765,Germany
s1765,United States
s1766,France
s1766,United States
s1767,South Korea
s1768,Spain
s1768,Thailand
s1768,United States
s1769,United States
s1770,South Korea
s1771,United States
s1772,Brazil
s1773,Norway
s1774,Australia
s1775,United States
s1776,United Kingdom
s1777,Nigeria
s1778,India
s1779,Unknown
s1780,United States
s1781,France
s1782,United States
s1783,Italy
s1784,Mexico
s1784,Spain
s1785,Philippines
s1786,United States
s1787,Unknown
s1788,United States
s1789,Poland
s1790,United States
s1791,United States
s1792,United States
s1793,Argentina
s1794,United States
s1795,Taiwan
s1796,India
s1797,Ireland
s1797,Luxembourg
s1797,Belgium
s1798,Australia
s1799,Brazil
s1800,Germany
s1801,United States
s1802,China
s1802,United States
s1803,United States
s1804,Spain
s1805,United States
s1806,United States
s1807,Norway
s1808,Philippines
s1809,United Kingdom
s1810,Philippines
s1811,Canada
s1811,Belgium
s1812,United States
s1813,Canada
s1813,United Kingdom
s1814,United States
s1815,United Kingdom
s1816,Canada
s1817,United States
s1818,Lebanon
s1819,Lebanon
s1820,Lebanon
s1821,Lebanon
s1821,United Arab Emirates
s1821,France
s1821,Switzerland
s1821,Germany
s1822,Lebanon
s1823,France
s1823,Belgium
s1823,Italy
s1824,Lebanon
s1825,Lebanon
s1825,United States
s1825,United Arab Emirates
s1826,Lebanon
s1826,France
s1827,France
s1827,Lebanon
s1828,France
s1828,Lebanon
s1828,United Kingdom
s1829,Unknown
s1830,France
s1830,Norway
s1830,Lebanon
s1830,Belgium
s1831,Lebanon
s1832,Lebanon
s1832,Canada
s1832,France
s1833,Sweden
s1833,Czech Republic
s1833,United Kingdom
s1833,Denmark
s1833,Netherlands
s1834,United States
s1835,South Korea
s1836,United Kingdom
s1837,Kenya
s1838,United States
s1839,United States
s1840,France
s1841,Mexico
s1841,Spain
s1842,United States
s1843,United States
s1843,United Kingdom
s1843,India
s1844,United States
s1844,Russia
s1845,United States
s1846,United States
s1847,Egypt
s1848,United Kingdom
s1849,United States
s1850,Indonesia
s1850,Netherlands
s1851,Indonesia
s1852,United States
s1853,United States
s1854,India
s1855,United States
s1856,Taiwan
s1857,United States
s1858,Mexico
s1859,India
s1860,United Kingdom
s1861,United States
s1862,India
s1863,India
s1864,India
s1865,United States
s1866,India
s1867,India
s1868,United States
s1869,United States
s1870,India
s1871,Turkey
s1871,South Korea
s1872,Canada
s1873,United States
s1874,United States
s1875,France
s1876,South Korea
s1877,Argentina
s1878,South Korea
s1879,United States
s1879,Canada
s1880,United States
s1881,Russia
s1882,United States
s1883,United Kingdom
s1884,Canada
s1885,United States
s1886,India
s1887,United States
s1887,United Kingdom
s1888,Canada
s1889,Turkey
s1890,Unknown
s1891,Unknown
s1892,Turkey
s1893,Unknown
s1894,United States
s1895,United States
s1896,Australia
s1897,Nigeria
s1898,India
s1899,Italy
s1900,Turkey
s1901,United States
s1902,Mexico
s1903,Malaysia
s1904,Serbia
s1904,United States
s1905,United States
s1906,South Africa
s1907,United States
s1908,South Korea
s1909,Japan
s1910,United States
s1911,Brazil
s1912,United States
s1913,New Zealand
s1914,United States
s1914,Mexico
s1915,Unknown
s1916,Germany
s1916,Czech Republic
s1917,United States
s1917,United Kingdom
s1918,Argentina
s1919,Japan
s1920,Unknown
s1921,Saudi Arabia
s1922,United States
s1922,Bulgaria
s1923,United States
s1924,United States
s1925,United States
s1926,Mexico
s1927,United States
s1928,Namibia
s1929,Japan
s1930,United States
s1931,United Kingdom
s1931,Kenya
s1932,United States
s1933,United States
s1934,Australia
s1935,United States
s1936,United States
s1937,United States
s1938,South Africa
s1938,United States
s1939,India
s1940,India
s1941,India
s1942,India
s1943,India
s1944,India
s1945,India
s1946,India
s1947,India
s1948,United States
s1949,United States
s1950,United States
s1951,India
s1952,Germany
s1953,Unknown
s1954,Unknown
s1955,United States
s1956,South Korea
s1957,Unknown
s1958,United States
s1958,India
s1959,United States
s1960,United Kingdom
s1961,United States
s1962,United States
s1963,United States
s1964,Japan
s1965,Japan
s1966,Japan
s1967,Japan
s1968,Japan
s1969,Unknown
s1970,Japan
s1971,Egypt
s1972,India
s1973,India
s1974,Unknown
s1975,India
s1976,India
s1977,India
s1978,India
s1979,United States
s1980,United States
s1981,United States
s1982,Indonesia
s1983,India
s1984,Unknown
s1985,France
s1986,United Kingdom
s1987,Unknown
s1988,United States
s1989,Germany
s1990,Italy
s1991,United States
s1992,United Kingdom
s1992,France
s1992,Germany
s1992,Spain
s1993,Unknown
s1994,Poland
s1995,United States
s1996,United States
s1997,Spain
s1998,United Kingdom
s1998,France
s1998,United States
s1998,Belgium
s1998,Luxembourg
s1998,China
s1998,Germany
s1999,United Kingdom
s2000,Thailand
s2000,United States
s2001,United Kingdom
s2002,France
s2002,United States
s2003,United States
s2004,United States
s2004,France
s2004,Canada
s2004,Belgium
s2005,Unknown
s2006,Nigeria
s2007,United Kingdom
s2007,China
s2008,Mexico
s2009,France
s2010,United States
s2011,United States
s2012,Germany
s2012,China
s2012,United Kingdom
s2013,Spain
s2014,United Kingdom
s2015,Unknown
s2016,India
s2017,India
s2018,India
s2019,India
s2020,India
s2021,India
s2022,United States
s2023,United States
s2024,India
s2025,Turkey
s2026,India
s2027,India
s2028,Indonesia
s2029,Egypt
s2030,United States
s2031,India
s2032,France
s2033,United States
s2034,Spain
s2035,Argentina
s2036,United States
s2037,South Korea
s2038,South Korea
s2039,South Africa
s2040,Turkey
s2041,Unknown
s2042,United States
s2043,Australia
s2043,New Zealand
s2043,United States
s2044,United Kingdom
s2045,United States
s2046,United States
s2047,South Africa
s2048,United States
s2049,Nigeria
s2050,Philippines
s2051,Brazil
s2052,Indonesia
s2053,United States
s2054,United Kingdom
s2055,United States
s2056,Germany
s2057,Germany
s2057,United States
s2058,Vietnam
s2059,Unknown
s2060,Hong Kong
s2060,Iceland
s2060,United States
s2061,Philippines
s2062,Netherlands
s2063,Japan
s2064,United States
s2065,Denmark
s2066,Japan
s2066,United States
s2067,Japan
s2068,Japan
s2069,United States
s2070,France
s2071,France
s2071,Australia
s2071,Germany
s2072,United States
s2073,United States
s2074,United States
s2075,India
s2076,Spain
s2077,United States
s2078,Italy
s2079,Japan
s2080,United States
s2080,Belgium
s2080,Canada
s2080,France
s2081,United Kingdom
s2082,Canada
s2083,India
s2084,United States
s2085,United States
s2086,United Kingdom
s2086,United States
s2087,India
s2088,South Africa
s2088,Angola
s2089,Spain
s2090,Japan
s2091,United States
s2092,Taiwan
s2093,United States
s2094,Colombia
s2095,United States
s2095,Philippines
s2096,United States
s2097,United States
s2098,United Kingdom
s2099,United States
s2100,United States
s2101,United States
s2102,Unknown
s2103,Nigeria
s2104,India
s2105,Mexico
s2106,United States
s2107,Canada
s2108,United States
s2109,South Korea
s2110,United States
s2111,Egypt
s2112,Argentina
s2113,United States
s2114,United States
s2115,Unknown
s2116,United States
s2117,Nigeria
s2118,Indonesia
s2119,United States
s2120,Indonesia
s2121,United Kingdom
s2121,United States
s2122,United States
s2122,United Kingdom
s2122,Canada
s2122,China
s2123,South Korea
s2124,Unknown
s2125,Denmark
s2126,Saudi Arabia
s2127,India
s2128,Brazil
s2129,Unknown
s2130,Canada
s2131,United States
s2131,Nigeria
s2132,United Kingdom
s2133,United States
s2134,United States
s2135,Colombia
s2136,United States
s2137,Japan
s2138,France
s2139,United Kingdom
s2139,United States
s2140,United States
s2140,France
s2141,United States
s2142,India
s2143,United States
s2144,United States
s2145,United States
s2146,Japan
s2147,United States
s2148,Unknown
s2149,Nigeria
s2150,United States
s2150,Canada
s2150,United Kingdom
s2151,Germany
s2152,Spain
s2153,Unknown
s2154,Germany
s2155,United States
s2156,United States
s2157,United States
s2158,United States
s2159,United States
s2160,United States
s2161,Canada
s2162,Uruguay
s2163,Denmark
s2163,United States
s2164,France
s2165,Unknown
s2166,United States
s2167,Unknown
s2168,United States
s2169,Brazil
s2170,United States
s2171,United States
s2172,United States
s2173,United States
s2174,United States
s2175,Canada
s2176,Japan
s2177,United States
s2178,Canada
s2179,Canada
s2180,Turkey
s2180,United States
s2181,Japan
s2182,United States
s2183,Unknown
s2184,Canada
s2185,United Kingdom
s2186,Germany
s2187,India
s2188,South Africa
s2189,United States
s2190,United States
s2191,United States
s2191,Canada
s2192,Peru
s2192,Germany
s2192,Norway
s2193,United States
s2194,India
s2195,Unknown
s2196,Nigeria
s2197,Mozambique
s2198,Brazil
s2198,France
s2199,Poland
s2200,United States
s2201,United States
s2202,United States
s2203,United States
s2204,United States
s2205,India
s2206,China
s2207,India
s2208,China
s2208,Spain
s2208,South Korea
s2208,United States
s2209,United States
s2210,Nigeria
s2211,Spain
s2211,Germany
s2212,Japan
s2213,Spain
s2214,United Kingdom
s2214,United States
s2215,United States
s2216,South Korea
s2217,South Africa
s2218,United States
s2219,Norway
s2220,United States
s2221,Hong Kong
s2221,China
s2222,United Kingdom
s2223,Unknown
s2224,United Kingdom
s2225,France
s2225,Belgium
s2225,Luxembourg
s2225,Cambodia
s2226,France
s2227,Australia
s2228,United Kingdom
s2228,Australia
s2229,United States
s2230,United States
s2231,Brazil
s2232,Nigeria
s2233,United States
s2234,France
s2234,Belgium
s2235,Nigeria
s2236,Mexico
s2237,Unknown
s2238,United States
s2239,Belarus
s2240,Nigeria
s2241,Italy
s2242,United States
s2243,Australia
s2244,France
s2245,South Africa
s2246,Brazil
s2247,United States
s2248,Egypt
s2249,United States
s2250,United States
s2251,United States
s2252,Belgium
s2253,Unknown
s2254,Japan
s2255,Turkey
s2256,South Korea
s2257,New Zealand
s2258,United States
s2259,Australia
s2260,United States
s2261,United States
s2261,France
s2262,Unknown
s2263,United States
s2263,China
s2264,Unknown
s2265,India
s2266,India
s2267,India
s2268,India
s2269,India
s2270,India
s2271,India
s2272,India
s2273,India
s2274,India
s2275,India
s2276,Thailand
s2277,India
s2278,India
s2279,India
s2280,India
s2281,India
s2282,India
s2283,India
s2284,United States
s2285,India
s2286,India
s2287,India
s2288,India
s2289,India
s2290,India
s2291,India
s2292,India
s2293,India
s2294,Spain
s2295,United States
s2296,Indonesia
s2296,United Kingdom
s2297,Switzerland
s2297,France
s2297,Belgium
s2297,United States
s2298,Japan
s2299,United States
s2300,United States
s2301,Ghana
s2302,United States
s2303,Brazil
s2304,United States
s2305,Italy
s2306,United Kingdom
s2307,Taiwan
s2308,United States
s2308,Canada
s2309,Spain
s2310,Turkey
s2311,Canada
s2312,United States
s2312,Germany
s2312,Canada
s2313,Turkey
s2314,United States
s2315,United Kingdom
s2315,United States
s2316,United States
s2317,Spain
s2317,France
s2317,Canada
s2317,United States
s2318,United States
s2318,Mexico
s2319,France
s2320,Italy
s2321,Japan
s2322,United States
s2323,Chile
s2323,Italy
s2324,United Kingdom
s2324,Nigeria
s2325,Indonesia
s2326,Nigeria
s2327,Unknown
s2328,Germany
s2328,United States
s2329,Australia
s2330,Colombia
s2331,United States
s2332,United States
s2333,Nigeria
s2334,Philippines
s2335,India
s2336,Unknown
s2337,India
s2338,South Korea
s2339,India
s2340,India
s2341,India
s2342,United States
s2343,India
s2344,United Kingdom
s2345,Chile
s2346,United States
s2347,United States
s2348,India
s2349,Nigeria
s2350,South Korea
s2351,United States
s2352,Nigeria
s2353,United States
s2354,India
s2355,France
s2355,Egypt
s2356,United States
s2357,United States
s2358,United States
s2359,France
s2360,Brazil
s2361,Turkey
s2362,Egypt
s2362,France
s2363,United States
s2364,France
s2364,Brazil
s2364,Spain
s2364,Belgium
s2365,Japan
s2366,Egypt
s2366,Algeria
s2367,France
s2367,Egypt
s2368,Egypt
s2369,Egypt
s2370,Egypt
s2371,Unknown
s2372,Philippines
s2373,Thailand
s2374,Egypt
s2375,Lebanon
s2376,Egypt
s2377,Egypt
s2378,Canada
s2378,South Korea
s2378,United States
s2379,United States
s2380,United Kingdom
s2380,United States
s2381,United States
s2382,Nigeria
s2382,United Kingdom
s2383,United States
s2384,United States
s2385,United Kingdom
s2385,United States
s2386,Argentina
s2386,Spain
s2387,Malaysia
s2388,Nigeria
s2389,United States
s2390,India
s2391,United States
s2392,Indonesia
s2393,India
s2394,United States
s2395,Unknown
s2396,United States
s2396,France
s2396,Canada
s2397,Germany
s2398,United States
s2399,Japan
s2400,Japan
s2401,Mexico
s2402,Poland
s2402,United States
s2403,United Arab Emirates
s2403,Jordan
s2403,Lebanon
s2403,Saudi Arabia
s2404,Saudi Arabia
s2405,Italy
s2406,United States
s2407,United States
s2408,United States
s2409,South Korea
s2410,Brazil
s2411,South Korea
s2412,United States
s2413,Poland
s2414,India
s2415,India
s2416,United States
s2416,Mexico
s2416,Spain
s2416,Malta
s2417,United States
s2418,United States
s2419,Egypt
s2420,United States
s2421,India
s2422,Nigeria
s2423,United States
s2424,United States
s2424,Canada
s2425,United States
s2426,Unknown
s2427,Japan
s2428,Turkey
s2429,Turkey
s2430,Egypt
s2431,United States
s2432,United States
s2433,Unknown
s2434,Egypt
s2435,Egypt
s2436,Egypt
s2437,Unknown
s2438,Egypt
s2439,Egypt
s2440,Egypt
s2441,Canada
s2442,Saudi Arabia
s2442,United Arab Emirates
s2443,Egypt
s2444,Egypt
s2445,Japan
s2446,India
s2447,Zimbabwe
s2448,South Korea
s2449,United Arab Emirates
s2450,Japan
s2451,Japan
s2452,Japan
s2452,United States
s2453,South Korea
s2454,South Korea
s2455,United States
s2456,United Kingdom
s2456,Germany
s2456,United Arab Emirates
s2456,New Zealand
s2457,Romania
s2457,United States
s2458,United Arab Emirates
s2459,India
s2460,United States
s2461,France
s2461,Egypt
s2462,Ireland
s2463,Japan
s2464,United Arab Emirates
s2465,United Arab Emirates
s2466,Argentina
s2467,Australia
s2468,Mexico
s2468,United States
s2469,Australia
s2470,China
s2471,United States
s2472,United States
s2473,India
s2474,United States
s2475,Indonesia
s2476,Indonesia
s2477,United Kingdom
s2478,Nigeria
s2479,Japan
s2480,United States
s2481,Canada
s2482,Indonesia
s2483,Kuwait
s2484,Unknown
s2485,Unknown
s2486,Chile
s2487,South Korea
s2488,Egypt
s2489,Unknown
s2490,Unknown
s2491,Egypt
s2492,Egypt
s2493,Egypt
s2494,Canada
s2494,Nigeria
s2495,United States
s2496,Unknown
s2497,United Kingdom
s2498,United States
s2499,Mexico
s2500,Colombia
s2501,India
s2502,Egypt
s2503,Egypt
s2504,Egypt
s2505,Egypt
s2506,Egypt
s2507,Egypt
s2508,United States
s2509,United States
s2510,Egypt
s2511,Egypt
s2512,Saudi Arabia
s2512,Netherlands
s2512,Germany
s2512,Jordan
s2512,United Arab Emirates
s2512,United States
s2513,Egypt
s2514,Nigeria
s2515,United Kingdom
s2516,United States
s2517,Kuwait
s2518,South Korea
s2519,South Korea
s2520,United States
s2521,Lebanon
s2522,Spain
s2523,France
s2524,United States
s2525,United States
s2526,Japan
s2527,United States
s2528,Thailand
s2529,South Korea
s2530,Australia
s2531,United Kingdom
s2531,Spain
s2532,Indonesia
s2533,Indonesia
s2534,United Arab Emirates
s2535,India
s2536,Unknown
s2537,Mexico
s2538,Nigeria
s2539,Kuwait
s2540,India
s2541,United States
s2542,United Arab Emirates
s2543,Canada
s2544,United States
s2545,India
s2546,India
s2547,Finland
s2547,France
s2548,United States
s2549,United States
s2550,United States
s2551,Italy
s2552,United States
s2553,Canada
s2554,United Kingdom
s2554,Germany
s2554,United States
s2554,France
s2555,Canada
s2556,United Arab Emirates
s2557,Kuwait
s2558,China
s2559,Indonesia
s2560,United States
s2561,Unknown
s2562,United States
s2563,India
s2563,United Kingdom
s2563,China
s2563,Canada
s2563,Japan
s2563,South Korea
s2563,United States
s2564,Brazil
s2565,India
s2566,Argentina
s2567,United States
s2568,Colombia
s2569,Unknown
s2570,Unknown
s2571,United States
s2572,United States
s2573,United States
s2574,United States
s2575,Unknown
s2576,United States
s2577,United States
s2578,United States
s2579,France
s2579,Belgium
s2580,United States
s2581,United States
s2582,United States
s2583,United States
s2584,Russia
s2585,South Africa
s2586,Italy
s2586,United Kingdom
s2586,France
s2587,Japan
s2588,India
s2589,Canada
s2590,India
s2591,Australia
s2591,United States
s2592,United States
s2593,United States
s2594,Unknown
s2595,Unknown
s2596,Unknown
s2597,United States
s2597,United Kingdom
s2598,United States
s2599,Japan
s2600,United States
s2600,Mexico
s2600,Colombia
s2601,United States
s2601,Canada
s2602,Brazil
s2603,Japan
s2604,Taiwan
s2605,United States
s2606,Turkey
s2607,South Korea
s2608,Nigeria
s2609,United States
s2610,United Kingdom
s2611,India
s2612,South Africa
s2613,Turkey
s2614,Turkey
s2614,India
s2615,Egypt
s2616,Turkey
s2617,Turkey
s2618,Italy
s2618,Turkey
s2619,Turkey
s2620,Unknown
s2621,Turkey
s2622,Turkey
s2623,United States
s2624,Egypt
s2625,Romania
s2626,India
s2627,India
s2628,United States
s2629,United Kingdom
s2630,India
s2631,Egypt
s2632,South Korea
s2633,United Kingdom
s2633,United States
s2633,Japan
s2634,Egypt
s2635,France
s2635,Belgium
s2635,United States
s2636,Egypt
s2637,Egypt
s2638,Egypt
s2639,Egypt
s2640,Unknown
s2641,United Kingdom
s2642,Unknown
s2643,India
s2644,Turkey
s2645,India
s2646,Japan
s2646,United States
s2647,Indonesia
s2648,Indonesia
s2649,Mexico
s2650,Indonesia
s2651,South Korea
s2652,United States
s2653,United States
s2654,Poland
s2655,Nigeria
s2656,Spain
s2657,Canada
s2657,United States
s2657,United Kingdom
s2658,United Kingdom
s2659,Japan
s2660,United States
s2661,Puerto Rico
s2661,United States
s2661,Colombia
s2662,United States
s2663,United States
s2664,India
s2665,India
s2666,South Korea
s2667,United States
s2668,Turkey
s2669,France
s2669,Belgium
s2670,Mexico
s2671,India
s2672,Germany
s2673,United States
s2674,Spain
s2674,Germany
s2675,Uruguay
s2675,Argentina
s2676,France
s2677,Israel
s2678,United States
s2678,United Kingdom
s2678,Japan
s2679,United States
s2680,Brazil
s2681,United States
s2682,Turkey
s2683,Philippines
s2684,India
s2685,United States
s2686,India
s2687,United States
s2688,Nigeria
s2689,Nigeria
s2690,United States
s2691,Canada
s2692,United States
s2693,United States
s2693,Argentina
s2694,United Kingdom
s2694,Italy
s2695,France
s2696,United States
s2697,Italy
s2698,United States
s2699,Japan
s2700,Unknown
s2701,Philippines
s2702,United States
s2703,United States
s2704,United States
s2705,United States
s2706,United States
s2707,Ireland
s2707,United Kingdom
s2708,United States
s2709,Chile
s2710,United States
s2711,United States
s2712,Spain
s2713,United Kingdom
s2713,France
s2713,Belgium
s2713,Canada
s2713,United States
s2714,Japan
s2715,Japan
s2716,India
s2717,India
s2717,United States
s2718,India
s2719,United States
s2720,Sweden
s2721,India
s2721,United States
s2722,India
s2723,India
s2724,India
s2725,India
s2726,India
s2727,India
s2728,United States
s2729,India
s2730,India
s2731,India
s2732,India
s2733,India
s2734,India
s2735,India
s2736,India
s2737,United Kingdom
s2738,India
s2739,India
s2740,Unknown
s2741,Japan
s2742,India
s2743,United Kingdom
s2744,United States
s2745,Netherlands
s2745,Germany
s2745,Denmark
s2745,United Kingdom
s2746,United States
s2747,United Kingdom
s2748,India
s2749,China
s2750,United States
s2751,India
s2752,India
s2753,Unknown
s2754,United States
s2755,United States
s2756,Canada
s2757,India
s2758,United States
s2759,Canada
s2759,United States
s2760,Unknown
s2761,India
s2762,South Korea
s2763,United States
s2764,United States
s2765,United States
s2766,India
s2767,India
s2768,United States
s2769,Canada
s2770,Canada
s2771,Canada
s2772,United States
s2773,Unknown
s2774,Hungary
s2775,Unknown
s2776,Thailand
s2777,Germany
s2778,Germany
s2779,United States
s2780,United States
s2781,Hungary
s2782,Spain
s2783,United States
s2784,Austria
s2784,Germany
s2785,Taiwan
s2785,China
s2786,Unknown
s2787,Argentina
s2788,Unknown
s2789,United States
s2789,Japan
s2790,Mexico
s2791,United States
s2792,United States
s2793,India
s2794,United Kingdom
s2795,United Kingdom
s2796,United States
s2797,Italy
s2798,France
s2799,United States
s2800,Japan
s2800,United States
s2801,Saudi Arabia
s2802,United States
s2803,Sweden
s2804,Japan
s2805,Netherlands
s2806,United Kingdom
s2807,United States
s2808,United Kingdom
s2808,United States
s2808,Ireland
s2809,United States
s2810,United States
s2811,India
s2812,Unknown
s2813,Unknown
s2814,United States
s2815,Unknown
s2816,India
s2817,United States
s2818,South Africa
s2819,Norway
s2820,Australia
s2821,United States
s2822,South Korea
s2822,United States
s2823,United States
s2824,Turkey
s2825,Iceland
s2826,United States
s2827,United States
s2828,Brazil
s2828,United Kingdom
s2829,Canada
s2829,United States
s2830,United States
s2831,Pakistan
s2831,United States
s2832,Unknown
s2833,South Africa
s2834,India
s2835,France
s2836,United States
s2837,United States
s2838,Spain
s2839,United States
s2840,Nigeria
s2841,Unknown
s2842,India
s2843,Thailand
s2844,Romania
s2844,France
s2844,Switzerland
s2844,Germany
s2845,United States
s2846,Romania
s2847,Spain
s2848,United States
s2848,Canada
s2849,Brazil
s2850,United States
s2851,India
s2852,South Africa
s2853,United Kingdom
s2854,United States
s2855,Japan
s2856,Germany
s2857,India
s2858,Unknown
s2859,Unknown
s2860,United States
s2861,United Kingdom
s2861,United States
s2861,France
s2862,United States
s2863,South Africa
s2864,United States
s2865,Unknown
s2866,France
s2867,United Kingdom
s2867,Canada
s2867,United States
s2868,United States
s2869,Colombia
s2870,India
s2871,South Africa
s2872,Spain
s2873,Mexico
s2874,India
s2875,United States
s2876,Japan
s2877,Japan
s2878,Saudi Arabia
s2879,Nigeria
s2880,Nigeria
s2881,United States
s2882,Nigeria
s2883,Nigeria
s2884,United States
s2885,Unknown
s2886,Nigeria
s2887,United States
s2888,United States
s2889,South Korea
s2890,United States
s2891,Canada
s2892,United States
s2893,South Korea
s2894,Unknown
s2895,Argentina
s2896,Germany
s2897,India
s2898,United States
s2899,India
s2900,South Africa
s2901,Brazil
s2902,Romania
s2902,United Kingdom
s2903,United States
s2904,France
s2904,Malta
s2904,United States
s2905,United States
s2906,United States
s2907,Nigeria
s2908,United States
s2909,United States
s2910,Unknown
s2911,Cyprus
s2912,United Kingdom
s2912,France
s2912,Belgium
s2912,Ireland
s2912,United States
s2913,Philippines
s2914,Poland
s2915,Germany
s2916,South Africa
s2917,India
s2918,India
s2919,Nigeria
s2920,Japan
s2921,United States
s2922,Mexico
s2922,United States
s2923,Unknown
s2924,Thailand
s2925,South Africa
s2926,United States
s2927,United States
s2928,United States
s2929,United States
s2930,Mexico
s2931,Indonesia
s2932,United States
s2933,United States
s2934,United States
s2934,Norway
s2934,Canada
s2935,Poland
s2935,United States
s2936,India
s2937,Ghana
s2938,United States
s2939,Nigeria
s2940,United States
s2941,India
s2942,Canada
s2942,United States
s2943,Unknown
s2944,United States
s2945,United States
s2946,Japan
s2947,Kenya
s2947,United States
s2948,United States
s2949,United States
s2950,United States
s2951,United States
s2952,United States
s2953,United States
s2954,United States
s2955,India
s2956,Spain
s2957,United States
s2958,India
s2959,Japan
s2960,South Korea
s2961,United States
s2962,Canada
s2962,South Africa
s2963,France
s2963,South Korea
s2963,Japan
s2963,United States
s2964,Netherlands
s2965,United Kingdom
s2966,Japan
s2967,Japan
s2968,United States
s2969,United States
s2970,India
s2971,Japan
s2972,Mexico
s2973,France
s2974,Nigeria
s2975,Italy
s2976,United States
s2977,Spain
s2978,Japan
s2979,United States
s2980,United Kingdom
s2981,United States
s2982,France
s2982,Belgium
s2983,Unknown
s2984,United Kingdom
s2985,Brazil
s2986,India
s2987,India
s2988,India
s2989,United States
s2990,Taiwan
s2991,South Africa
s2992,Unknown
s2993,Nigeria
s2994,United States
s2995,United States
s2996,United States
s2997,Mexico
s2998,United States
s2999,Japan
s3000,Taiwan
s3000,Malaysia
s3001,United States
s3002,United States
s3003,Uruguay
s3003,Argentina
s3003,Germany
s3003,Spain
s3004,United States
s3005,India
s3006,United States
s3007,India
s3008,United States
s3009,United States
s3009,United Kingdom
s3009,France
s3009,Germany
s3009,Japan
s3010,United States
s3011,Netherlands
s3012,Canada
s3013,Germany
s3014,United States
s3015,United States
s3016,China
s3017,United States
s3017,France
s3017,Japan
s3018,United States
s3019,United Kingdom
s3019,France
s3019,United States
s3020,Japan
s3021,Japan
s3022,United Kingdom
s3022,United States
s3023,India
s3024,Spain
s3024,France
s3024,United States
s3025,United States
s3026,Austria
s3027,United States
s3028,United States
s3029,France
s3030,Poland
s3031,Unknown
s3032,United States
s3033,India
s3034,United States
s3035,United Kingdom
s3036,United States
s3037,India
s3038,United States
s3039,United Kingdom
s3040,Australia
s3041,France
s3042,United States
s3043,United States
s3044,United States
s3045,Spain
s3046,United Kingdom
s3047,Mexico
s3048,Canada
s3049,India
s3050,United States
s3051,Belgium
s3052,Indonesia
s3052,South Korea
s3052,Singapore
s3053,South Korea
s3054,Canada
s3055,United Kingdom
s3056,Japan
s3057,Unknown
s3058,United States
s3059,United States
s3059,South Korea
s3060,South Korea
s3060,United States
s3061,India
s3062,United States
s3063,United States
s3063,Spain
s3064,South Korea
s3065,Unknown
s3066,United States
s3067,Netherlands
s3067,Germany
s3067,Italy
s3067,Canada
s3068,Spain
s3068,Germany
s3068,Denmark
s3068,United States
s3069,Mexico
s3069,Spain
s3070,Japan
s3071,Indonesia
s3072,South Korea
s3073,Unknown
s3074,United States
s3075,South Korea
s3076,United States
s3077,South Korea
s3078,India
s3079,India
s3080,Japan
s3081,United States
s3082,United States
s3083,Norway
s3083,Sweden
s3084,Unknown
s3085,South Korea
s3085,Canada
s3085,United States
s3085,China
s3086,South Korea
s3087,Unknown
s3088,China
s3089,Japan
s3090,Japan
s3091,South Africa
s3092,Argentina
s3092,Uruguay
s3092,Serbia
s3093,United States
s3094,Unknown
s3095,Italy
s3096,France
s3097,United States
s3098,United States
s3099,Japan
s3100,United States
s3101,Israel
s3101,United States
s3102,France
s3102,Japan
s3103,United States
s3104,Japan
s3105,Mexico
s3106,United States
s3107,United States
s3108,United States
s3109,United States
s3110,Australia
s3111,Nigeria
s3112,Mauritius
s3112,South Africa
s3113,Nigeria
s3114,Unknown
s3115,Nigeria
s3116,Unknown
s3117,United Kingdom
s3117,Italy
s3118,United States
s3118,Poland
s3119,United States
s3119,Mexico
s3120,France
s3121,Poland
s3122,United Kingdom
s3122,United States
s3123,United States
s3124,United States
s3125,Bangladesh
s3126,United Kingdom
s3126,United States
s3126,Germany
s3126,Denmark
s3126,Belgium
s3126,Japan
s3127,India
s3128,South Korea
s3129,United States
s3130,South Korea
s3131,Nigeria
s3132,India
s3133,India
s3134,India
s3135,India
s3135,Germany
s3136,India
s3137,India
s3138,Japan
s3139,Unknown
s3140,India
s3141,Nigeria
s3142,India
s3143,India
s3144,India
s3145,Ghana
s3146,India
s3147,United States
s3148,India
s3149,United States
s3150,India
s3151,United States
s3152,Nigeria
s3153,South Africa
s3154,Nigeria
s3155,Unknown
s3156,Taiwan
s3157,Unknown
s3158,United Kingdom
s3159,India
s3159,United Kingdom
s3159,Canada
s3159,United States
s3160,Egypt
s3161,United States
s3162,United States
s3163,United States
s3164,India
s3165,Brazil
s3166,United States
s3167,Nigeria
s3168,Unknown
s3169,United States
s3170,United Kingdom
s3170,United States
s3171,Japan
s3172,Nigeria
s3173,United States
s3174,Japan
s3175,Brazil
s3176,United States
s3177,Spain
s3178,Unknown
s3179,Nigeria
s3180,United Kingdom
s3180,Nigeria
s3181,United States
s3182,United States
s3183,United States
s3184,United States
s3185,China
s3186,Colombia
s3187,United States
s3188,United States
s3189,United States
s3190,India
s3191,United States
s3192,Philippines
s3192,United States
s3193,United States
s3194,India
s3195,Australia
s3196,India
s3197,India
s3198,United Kingdom
s3199,India
s3200,Unknown
s3201,Thailand
s3202,India
s3203,France
s3204,Romania
s3204,Bulgaria
s3204,Hungary
s3205,South Korea
s3206,Uruguay
s3206,Guatemala
s3207,India
s3208,France
s3208,Senegal
s3208,Belgium
s3209,United Kingdom
s3209,Canada
s3210,Nigeria
s3211,France
s3212,South Africa
s3213,Mexico
s3213,United States
s3213,Spain
s3213,Colombia
s3214,Unknown
s3215,Nigeria
s3216,Nigeria
s3217,Unknown
s3218,Nigeria
s3219,United States
s3220,Japan
s3221,Brazil
s3222,United States
s3223,France
s3224,United States
s3225,India
s3226,Unknown
s3227,Canada
s3227,Norway
s3228,United States
s3229,United States
s3230,United States
s3231,Poland
s3232,Unknown
s3233,Mexico
s3234,India
s3235,Spain
s3236,United States
s3237,China
s3238,France
s3239,United States
s3240,Japan
s3241,United States
s3242,United States
s3243,United States
s3244,Brazil
s3245,United States
s3246,Singapore
s3246,United States
s3247,United States
s3247,Canada
s3248,United States
s3249,United States
s3250,Thailand
s3251,United States
s3252,India
s3253,Germany
s3254,Mexico
s3255,India
s3256,France
s3257,United States
s3258,Unknown
s3259,Taiwan
s3260,Finland
s3260,Germany
s3260,Belgium
s3261,United States
s3262,United Kingdom
s3262,France
s3263,United States
s3263,Chile
s3264,Taiwan
s3265,United Kingdom
s3265,Japan
s3265,United States
s3266,Colombia
s3267,Argentina
s3268,India
s3269,India
s3270,United States
s3271,South Korea
s3272,Japan
s3273,Japan
s3274,Spain
s3274,United Kingdom
s3275,Taiwan
s3276,United States
s3277,Taiwan
s3278,South Korea
s3279,India
s3279,United States
s3280,Mexico
s3281,Japan
s3282,Thailand
s3283,United States
s3284,Turkey
s3285,Unknown
s3286,France
s3287,Thailand
s3288,Argentina
s3288,United States
s3288,Mexico
s3289,South Korea
s3290,United States
s3291,United States
s3292,China
s3293,United States
s3294,India
s3295,United Kingdom
s3296,United Kingdom
s3296,Canada
s3296,United States
s3297,United States
s3298,France
s3299,Colombia
s3300,India
s3301,United States
s3302,Japan
s3303,China
s3303,Hong Kong
s3304,Brazil
s3305,United States
s3306,United States
s3307,United Kingdom
s3308,United States
s3309,South Korea
s3310,United States
s3311,United Kingdom
s3312,United States
s3313,India
s3314,United States
s3315,United States
s3316,United States
s3317,United States
s3318,United States
s3318,Canada
s3319,United States
s3320,United States
s3320,South Korea
s3320,Japan
s3321,United States
s3321,Canada
s3322,United States
s3323,United States
s3324,United States
s3324,Canada
s3325,United States
s3326,United States
s3327,Spain
s3328,United States
s3329,France
s3330,United States
s3331,United States
s3332,United States
s3333,United Kingdom
s3334,Japan
s3335,India
s3336,United States
s3337,Japan
s3338,United States
s3339,United States
s3340,Japan
s3341,Japan
s3342,Japan
s3343,United States
s3343,Japan
s3344,United States
s3345,United States
s3346,Canada
s3346,Australia
s3347,Unknown
s3348,United Kingdom
s3348,Hungary
s3348,Australia
s3349,Italy
s3349,Belgium
s3350,Mexico
s3351,Canada
s3352,Argentina
s3352,Spain
s3353,Germany
s3354,Mexico
s3355,Argentina
s3356,United States
s3356,Japan
s3357,Taiwan
s3358,Unknown
s3359,South Korea
s3360,India
s3361,South Korea
s3362,Unknown
s3363,United States
s3364,United States
s3365,United States
s3366,Mexico
s3366,United States
s3367,United Kingdom
s3368,China
s3369,China
s3370,United States
s3371,Brazil
s3372,Turkey
s3373,United States
s3374,Spain
s3375,United States
s3375,United Kingdom
s3375,Germany
s3376,Argentina
s3377,Unknown
s3378,France
s3379,Spain
s3380,United States
s3381,Switzerland
s3382,China
s3383,United States
s3384,United States
s3385,Singapore
s3385,Malaysia
s3386,United States
s3387,United States
s3388,Hong Kong
s3388,China
s3389,United States
s3390,United Kingdom
s3391,Unknown
s3392,France
s3392,Belgium
s3392,Luxembourg
s3392,Romania
s3392,Canada
s3392,United States
s3393,South Africa
s3393,Nigeria
s3394,Unknown
s3395,Unknown
s3396,Unknown
s3397,Unknown
s3398,Unknown
s3399,United States
s3400,Unknown
s3401,United Kingdom
s3402,United Kingdom
s3403,Turkey
s3404,India
s3405,Unknown
s3406,Spain
s3407,United States
s3408,Nigeria
s3409,United Kingdom
s3410,United States
s3411,Netherlands
s3412,Nigeria
s3413,India
s3414,Indonesia
s3415,China
s3416,Australia
s3417,South Korea
s3418,United States
s3419,United States
s3420,South Korea
s3421,South Korea
s3422,United States
s3422,United Kingdom
s3423,United States
s3424,Turkey
s3425,Canada
s3426,France
s3427,South Korea
s3428,Turkey
s3429,United States
s3430,United States
s3431,United States
s3432,Nigeria
s3433,Japan
s3434,France
s3435,Spain
s3435,France
s3436,Unknown
s3437,Unknown
s3438,Japan
s3439,United States
s3440,United States
s3441,United States
s3442,United States
s3443,United States
s3444,Indonesia
s3445,Mexico
s3446,South Korea
s3447,India
s3448,United Kingdom
s3448,Hong Kong
s3449,Turkey
s3450,United Kingdom
s3450,Canada
s3451,Canada
s3451,United States
s3452,Turkey
s3453,United Kingdom
s3454,United States
s3455,United States
s3456,Unknown
s3457,United States
s3458,United States
s3459,United States
s3460,Mexico
s3461,United States
s3462,South Korea
s3463,South Korea
s3464,India
s3465,India
s3466,Netherlands
s3467,India
s3468,India
s3469,India
s3470,Unknown
s3471,South Korea
s3472,United States
s3473,Germany
s3473,United States
s3474,South Korea
s3475,South Korea
s3476,United States
s3477,United States
s3478,United States
s3479,United Kingdom
s3480,Unknown
s3481,Japan
s3482,India
s3483,Turkey
s3484,Argentina
s3485,United States
s3485,Canada
s3486,United States
s3487,India
s3488,Hong Kong
s3488,China
s3489,Mexico
s3490,United States
s3491,United States
s3491,Mexico
s3492,Australia
s3493,Unknown
s3494,Unknown
s3495,United States
s3496,United States
s3497,India
s3498,United States
s3499,India
s3500,South Korea
s3501,United States
s3502,Unknown
s3503,Germany
s3504,Spain
s3505,United States
s3506,United States
s3507,Spain
s3508,Turkey
s3509,Canada
s3510,India
s3511,South Korea
s3512,United Kingdom
s3513,United States
s3514,United States
s3515,United States
s3516,United States
s3517,India
s3518,United States
s3519,United States
s3520,Japan
s3521,Turkey
s3522,France
s3523,China
s3524,United States
s3525,Unknown
s3526,United States
s3527,United States
s3528,United States
s3529,United States
s3529,United Kingdom
s3530,United Kingdom
s3531,India
s3532,India
s3533,India
s3534,Turkey
s3535,France
s3536,United States
s3537,Pakistan
s3538,India
s3539,Brazil
s3539,United States
s3540,Unknown
s3541,United States
s3542,Japan
s3543,Denmark
s3543,Brazil
s3543,France
s3543,Portugal
s3543,Sweden
s3544,United Kingdom
s3545,United States
s3546,United Arab Emirates
s3547,China
s3547,United Kingdom
s3548,Unknown
s3549,Colombia
s3550,Chile
s3551,Unknown
s3552,United Kingdom
s3552,United States
s3553,Colombia
s3554,United States
s3554,Canada
s3555,Spain
s3556,United States
s3557,Brazil
s3558,United States
s3559,United Kingdom
s3560,United States
s3561,Hong Kong
s3562,United States
s3563,Unknown
s3564,India
s3565,India
s3566,China
s3566,Taiwan
s3567,India
s3568,United States
s3569,Unknown
s3570,India
s3570,Turkey
s3571,Unknown
s3572,United States
s3573,Philippines
s3574,United Kingdom
s3575,United Kingdom
s3576,Spain
s3577,Argentina
s3578,Russia
s3579,United States
s3580,Colombia
s3581,South Korea
s3581,United States
s3582,United States
s3583,United States
s3584,United States
s3585,Canada
s3586,China
s3587,Spain
s3588,Spain
s3589,United States
s3589,Japan
s3590,India
s3590,United States
s3591,Taiwan
s3592,Brazil
s3593,Unknown
s3594,India
s3595,India
s3596,United States
s3597,Mexico
s3598,United States
s3599,United States
s3600,Unknown
s3601,United States
s3602,United States
s3603,India
s3604,United States
s3605,Brazil
s3606,United States
s3607,South Korea
s3608,Lebanon
s3609,United States
s3610,Malaysia
s3610,Singapore
s3610,Hong Kong
s3611,South Korea
s3612,South Korea
s3613,South Korea
s3614,South Korea
s3615,South Korea
s3616,United States
s3617,India
s3618,United States
s3619,Philippines
s3620,United States
s3621,United States
s3622,United States
s3623,United States
s3624,United States
s3624,Japan
s3625,United States
s3626,Mexico
s3627,Netherlands
s3628,United States
s3629,Unknown
s3630,United Kingdom
s3630,United States
s3631,India
s3632,India
s3633,Thailand
s3634,Australia
s3635,Canada
s3636,Unknown
s3637,United States
s3638,Spain
s3639,Philippines
s3639,Singapore
s3640,France
s3640,Belgium
s3641,South Korea
s3642,Argentina
s3643,United States
s3644,United States
s3645,Australia
s3645,Canada
s3646,United States
s3647,United States
s3648,Hong Kong
s3649,Hong Kong
s3650,Hong Kong
s3650,China
s3651,Hong Kong
s3651,China
s3652,Hong Kong
s3653,Spain
s3654,United States
s3655,United States
s3656,India
s3657,South Korea
s3658,United States
s3659,India
s3660,United States
s3661,China
s3662,India
s3663,United States
s3664,Japan
s3665,Japan
s3666,Japan
s3667,Japan
s3668,United States
s3669,Spain
s3670,Sweden
s3671,Taiwan
s3671,China
s3671,France
s3671,United States
s3672,Unknown
s3673,Germany
s3674,South Korea
s3675,Unknown
s3676,France
s3676,United States
s3677,Germany
s3677,Italy
s3678,Unknown
s3679,Spain
s3680,United States
s3681,United States
s3682,Argentina
s3683,China
s3684,United States
s3685,Unknown
s3686,United States
s3687,United States
s3688,Australia
s3689,Thailand
s3690,Thailand
s3691,South Korea
s3692,United States
s3693,United States
s3694,United States
s3695,France
s3696,France
s3697,Japan
s3698,United States
s3698,Spain
s3699,Thailand
s3700,India
s3701,United States
s3702,India
s3703,United States
s3704,Colombia
s3704,Peru
s3704,United Kingdom
s3705,United States
s3706,Australia
s3707,Mexico
s3708,Australia
s3708,United States
s3709,Spain
s3710,United Kingdom
s3711,Unknown
s3712,Mexico
s3713,Japan
s3714,India
s3715,India
s3716,United States
s3717,Japan
s3718,Thailand
s3718,China
s3718,United States
s3719,Argentina
s3719,United States
s3720,Colombia
s3721,Japan
s3722,United States
s3723,Argentina
s3724,Japan
s3725,Japan
s3726,United States
s3727,New Zealand
s3728,United States
s3729,Japan
s3730,India
s3731,France
s3732,United States
s3733,Brazil
s3734,United States
s3735,United States
s3736,Germany
s3737,Japan
s3738,Japan
s3739,Sweden
s3739,United States
s3740,India
s3741,India
s3742,Japan
s3743,China
s3744,Spain
s3745,Belgium
s3746,United States
s3747,France
s3747,Belgium
s3748,Brazil
s3749,Unknown
s3750,United States
s3751,India
s3752,United States
s3753,United States
s3754,United States
s3755,Mexico
s3756,Jordan
s3757,United States
s3758,Indonesia
s3759,United States
s3760,United States
s3761,Malaysia
s3762,Uruguay
s3762,Spain
s3762,Mexico
s3763,United States
s3764,Spain
s3765,Australia
s3766,India
s3767,France
s3767,Luxembourg
s3767,Canada
s3768,Germany
s3769,India
s3770,United States
s3771,United States
s3772,United States
s3773,Germany
s3774,Japan
s3775,United Kingdom
s3776,Netherlands
s3777,United States
s3778,United States
s3779,United States
s3780,United States
s3781,South Korea
s3782,India
s3783,Taiwan
s3784,India
s3785,Japan
s3786,Romania
s3787,Hong Kong
s3788,Canada
s3789,India
s3790,Unknown
s3791,India
s3792,China
s3793,United States
s3794,South Korea
s3795,United States
s3796,United States
s3797,Unknown
s3798,Austria
s3799,United States
s3800,United States
s3801,United States
s3802,United States
s3803,Unknown
s3804,United States
s3804,Mexico
s3805,India
s3806,United States
s3807,United States
s3808,Mexico
s3809,Mexico
s3810,Spain
s3811,Denmark
s3811,Spain
s3812,Spain
s3813,United States
s3814,Philippines
s3815,Unknown
s3816,Italy
s3817,United States
s3818,United Kingdom
s3819,United States
s3820,India
s3821,United Kingdom
s3822,United Kingdom
s3823,India
s3824,Argentina
s3825,Unknown
s3826,United States
s3827,Japan
s3828,United States
s3829,United States
s3830,United States
s3831,New Zealand
s3832,China
s3832,Hong Kong
s3833,Chile
s3833,Argentina
s3834,France
s3835,Hong Kong
s3835,China
s3836,United States
s3837,Spain
s3838,Unknown
s3839,Brazil
s3840,China
s3841,United States
s3842,United States
s3843,Taiwan
s3844,Unknown
s3845,Unknown
s3846,Unknown
s3847,Unknown
s3848,Unknown
s3849,Unknown
s3850,Unknown
s3851,Unknown
s3852,Unknown
s3853,South Korea
s3854,Unknown
s3855,Kuwait
s3856,Lebanon
s3857,Unknown
s3858,United Kingdom
s3858,Belgium
s3858,Sweden
s3859,China
s3860,United States
s3861,Mexico
s3862,Canada
s3862,Brazil
s3863,Spain
s3864,United States
s3865,United Kingdom
s3866,South Korea
s3867,United States
s3868,United States
s3869,India
s3870,United States
s3871,Japan
s3872,United Kingdom
s3873,United States
s3874,Malaysia
s3875,India
s3876,Hong Kong
s3877,Taiwan
s3878,United States
s3879,Hong Kong
s3880,Japan
s3881,Unknown
s3882,Taiwan
s3883,Unknown
s3884,Taiwan
s3885,United States
s3886,India
s3887,Mexico
s3887,United States
s3888,United States
s3889,Colombia
s3890,Turkey
s3891,India
s3892,United States
s3893,United States
s3894,Unknown
s3895,Denmark
s3896,Unknown
s3897,Unknown
s3898,Taiwan
s3899,Australia
s3900,India
s3901,Taiwan
s3902,Japan
s3902,United States
s3903,Brazil
s3904,United States
s3905,Italy
s3905,France
s3906,United Kingdom
s3907,Mexico
s3908,Unknown
s3909,United Kingdom
s3910,Unknown
s3911,India
s3912,India
s3913,United States
s3914,India
s3914,France
s3915,India
s3916,India
s3917,India
s3918,India
s3919,India
s3920,United States
s3921,United States
s3922,Spain
s3923,Turkey
s3924,Turkey
s3925,Italy
s3926,United States
s3927,United States
s3928,United States
s3929,South Korea
s3930,Brazil
s3931,Canada
s3931,Germany
s3932,United States
s3933,India
s3934,Unknown
s3935,United States
s3936,United States
s3937,United Kingdom
s3938,United States
s3939,United States
s3939,United Kingdom
s3940,India
s3941,Sweden
s3942,Malaysia
s3943,Canada
s3943,United States
s3944,United States
s3945,Mexico
s3946,United States
s3947,South Korea
s3948,Unknown
s3949,Indonesia
s3950,Lebanon
s3951,India
s3952,Malaysia
s3953,United States
s3954,Unknown
s3955,China
s3956,Pakistan
s3956,United Arab Emirates
s3957,South Korea
s3958,United States
s3959,United States
s3959,Japan
s3960,United States
s3961,Ghana
s3961,United States
s3962,United Kingdom
s3963,India
s3964,Mexico
s3964,Finland
s3965,France
s3966,United States
s3967,United States
s3968,United States
s3969,Unknown
s3970,United Kingdom
s3971,France
s3971,Canada
s3972,Japan
s3973,Indonesia
s3974,Indonesia
s3975,United States
s3976,India
s3977,Unknown
s3978,Spain
s3979,Thailand
s3980,United States
s3981,Mexico
s3982,India
s3983,Spain
s3984,United States
s3985,Unknown
s3986,United States
s3987,United States
s3988,Unknown
s3989,Canada
s3990,Japan
s3991,Philippines
s3992,Philippines
s3993,Philippines
s3994,Philippines
s3995,Philippines
s3996,Uruguay
s3997,Unknown
s3998,India
s3999,Japan
s4000,United States
s4001,United States
s4002,Taiwan
s4003,United Arab Emirates
s4003,United Kingdom
s4003,India
s4004,France
s4004,Belgium
s4005,Italy
s4006,Netherlands
s4006,Belgium
s4007,Spain
s4008,United States
s4009,United States
s4010,United States
s4011,United States
s4012,United States
s4012,Taiwan
s4013,Unknown
s4014,Malaysia
s4015,United Kingdom
s4016,Unknown
s4017,United Kingdom
s4018,Philippines
s4019,Philippines
s4020,Philippines
s4021,Philippines
s4022,Philippines
s4023,Egypt
s4024,Egypt
s4025,United States
s4026,Unknown
s4027,Egypt
s4028,Egypt
s4029,United States
s4030,Unknown
s4031,Egypt
s4032,United Arab Emirates
s4033,Turkey
s4034,United States
s4035,France
s4036,Unknown
s4037,United States
s4038,United States
s4039,Philippines
s4040,Philippines
s4041,Philippines
s4042,Philippines
s4043,United States
s4044,Australia
s4045,South Korea
s4046,United States
s4047,Philippines
s4048,Philippines
s4049,Japan
s4050,Unknown
s4051,Austria
s4051,Iraq
s4051,United States
s4052,Thailand
s4053,Thailand
s4054,France
s4054,Belgium
s4055,India
s4056,Unknown
s4057,Unknown
s4058,Canada
s4059,Canada
s4060,United States
s4060,France
s4061,United States
s4062,Unknown
s4063,United Kingdom
s4063,Malawi
s4064,Japan
s4065,Paraguay
s4065,Argentina
s4066,United States
s4067,Spain
s4067,France
s4068,Spain
s4068,France
s4069,Philippines
s4070,Philippines
s4071,Philippines
s4072,Philippines
s4073,India
s4074,Philippines
s4075,Philippines
s4076,Philippines
s4077,Philippines
s4078,Philippines
s4079,Philippines
s4080,United States
s4081,United States
s4082,India
s4083,Spain
s4084,United States
s4085,United States
s4086,India
s4087,United States
s4088,France
s4089,India
s4090,United Kingdom
s4091,Brazil
s4092,South Korea
s4093,United States
s4094,Canada
s4095,India
s4096,United Kingdom
s4096,Russia
s4096,United States
s4097,United States
s4098,India
s4099,India
s4100,United States
s4101,Brazil
s4102,India
s4103,India
s4104,India
s4105,Denmark
s4106,Unknown
s4107,India
s4108,India
s4109,India
s4110,Unknown
s4111,New Zealand
s4112,Argentina
s4113,India
s4114,Spain
s4115,United States
s4115,Canada
s4116,United States
s4117,Spain
s4118,United States
s4119,Taiwan
s4120,Belgium
s4121,United States
s4122,United States
s4123,United States
s4124,United States
s4125,Spain
s4126,Egypt
s4127,Egypt
s4128,South Korea
s4129,United States
s4130,United Kingdom
s4131,Egypt
s4132,Japan
s4133,South Korea
s4134,United Kingdom
s4135,India
s4136,United States
s4137,Taiwan
s4138,United States
s4139,United States
s4140,United States
s4141,United States
s4142,United States
s4143,United States
s4144,Russia
s4145,Japan
s4146,United States
s4146,Canada
s4147,United States
s4148,Malaysia
s4149,China
s4149,Hong Kong
s4150,Unknown
s4151,Unknown
s4152,India
s4152,Pakistan
s4153,India
s4154,Unknown
s4155,South Korea
s4156,Spain
s4157,Unknown
s4158,Indonesia
s4158,Singapore
s4159,India
s4160,Indonesia
s4161,Indonesia
s4162,Indonesia
s4163,Taiwan
s4164,United States
s4165,Philippines
s4166,Spain
s4166,Belgium
s4167,United Kingdom
s4168,Mexico
s4169,Spain
s4170,Argentina
s4170,Spain
s4171,United States
s4171,Germany
s4172,Unknown
s4173,United States
s4174,Argentina
s4175,Turkey
s4176,United Kingdom
s4176,United States
s4177,United States
s4178,United States
s4179,United States
s4180,Unknown
s4181,Brazil
s4182,Mexico
s4183,India
s4184,United Kingdom
s4185,Unknown
s4186,United States
s4187,Pakistan
s4188,India
s4189,India
s4190,Taiwan
s4191,India
s4192,Pakistan
s4193,South Korea
s4194,United States
s4195,Indonesia
s4196,Indonesia
s4197,Taiwan
s4198,India
s4199,Philippines
s4200,Unknown
s4201,United States
s4202,Ireland
s4203,United Kingdom
s4204,United States
s4205,Spain
s4206,United States
s4207,Spain
s4207,United Kingdom
s4208,Israel
s4209,Japan
s4210,India
s4211,Bangladesh
s4212,Thailand
s4213,Iceland
s4213,Sweden
s4213,Belgium
s4214,Unknown
s4215,Nigeria
s4216,Unknown
s4217,Unknown
s4218,United Kingdom
s4219,United States
s4220,Thailand
s4221,United States
s4222,India
s4223,United States
s4224,Japan
s4225,India
s4226,India
s4227,Croatia
s4228,United States
s4229,United States
s4230,United Kingdom
s4231,Unknown
s4232,United Kingdom
s4233,United Kingdom
s4234,United States
s4235,Unknown
s4236,United Kingdom
s4237,Mexico
s4238,United States
s4239,United States
s4240,United States
s4241,United States
s4242,Taiwan
s4243,Unknown
s4244,Japan
s4245,United States
s4246,United States
s4247,United Kingdom
s4248,United Kingdom
s4249,United States
s4250,United States
s4251,Unknown
s4252,Thailand
s4253,Uruguay
s4253,Argentina
s4253,Spain
s4254,United States
s4255,Israel
s4256,India
s4257,United States
s4258,India
s4259,Unknown
s4260,Spain
s4261,United States
s4262,Taiwan
s4263,United Kingdom
s4263,Ireland
s4263,United States
s4264,Unknown
s4265,United Kingdom
s4266,Unknown
s4267,United States
s4268,France
s4268,Belgium
s4269,United States
s4270,Taiwan
s4271,Japan
s4272,Taiwan
s4273,Taiwan
s4274,Germany
s4275,Japan
s4276,Poland
s4276,United States
s4277,Turkey
s4278,Singapore
s4279,Japan
s4280,Japan
s4281,Singapore
s4282,Singapore
s4283,Singapore
s4284,India
s4285,United States
s4286,India
s4287,United States
s4288,India
s4289,China
s4290,United States
s4291,United States
s4292,United States
s4293,Canada
s4293,Germany
s4293,France
s4293,United States
s4294,United States
s4295,United Kingdom
s4295,Japan
s4296,United States
s4297,United Kingdom
s4298,Philippines
s4299,United States
s4300,United States
s4301,United States
s4302,United States
s4303,Spain
s4304,India
s4305,South Korea
s4306,Unknown
s4307,Mexico
s4307,United States
s4308,United States
s4309,United States
s4310,Australia
s4311,Canada
s4311,United States
s4312,United States
s4313,Japan
s4314,United States
s4315,United States
s4316,Italy
s4317,Germany
s4318,United States
s4319,Unknown
s4320,United Kingdom
s4320,United States
s4321,United States
s4322,Australia
s4323,Unknown
s4324,Unknown
s4325,United States
s4326,Unknown
s4327,South Korea
s4328,South Korea
s4329,Pakistan
s4330,China
s4330,Hong Kong
s4331,Hong Kong
s4332,Mexico
s4333,Norway
s4333,Denmark
s4333,Netherlands
s4333,Sweden
s4334,Hong Kong
s4334,China
s4335,Hong Kong
s4336,India
s4337,Malaysia
s4338,Hong Kong
s4339,Hong Kong
s4339,China
s4340,Australia
s4341,Unknown
s4342,Hong Kong
s4342,China
s4342,United States
s4343,China
s4343,Hong Kong
s4344,Hong Kong
s4345,Unknown
s4346,Hong Kong
s4347,India
s4348,United States
s4349,Hong Kong
s4350,China
s4351,Poland
s4351,United States
s4352,United States
s4353,Ireland
s4353,Canada
s4354,United States
s4355,Mexico
s4356,Italy
s4356,Switzerland
s4356,France
s4356,Germany
s4357,Japan
s4358,India
s4359,India
s4360,United States
s4360,Canada
s4361,France
s4362,Mexico
s4362,Netherlands
s4363,United States
s4364,United States
s4364,Sweden
s4365,United States
s4366,Canada
s4367,Spain
s4368,United Kingdom
s4369,United States
s4370,United States
s4371,Spain
s4372,Unknown
s4373,Unknown
s4374,United States
s4374,Canada
s4375,Indonesia
s4376,Indonesia
s4377,United States
s4378,United States
s4379,United States
s4380,China
s4381,United States
s4381,Mexico
s4382,United States
s4383,United States
s4384,France
s4384,Belgium
s4385,Canada
s4386,United States
s4387,United States
s4388,Brazil
s4389,India
s4390,Unknown
s4391,Canada
s4392,India
s4393,Indonesia
s4394,India
s4395,India
s4396,India
s4397,Spain
s4398,Philippines
s4399,Unknown
s4400,Denmark
s4401,Germany
s4401,France
s4401,Russia
s4402,Hong Kong
s4403,Germany
s4404,United States
s4405,United Kingdom
s4405,United States
s4406,Brazil
s4407,Colombia
s4408,South Korea
s4408,United States
s4409,United States
s4410,France
s4410,Belgium
s4411,United States
s4412,India
s4413,United States
s4414,Malaysia
s4415,Brazil
s4416,Unknown
s4417,United States
s4418,United States
s4419,France
s4419,Iran
s4419,United States
s4420,United States
s4421,India
s4422,India
s4423,India
s4424,India
s4425,India
s4426,India
s4427,India
s4428,India
s4429,Canada
s4430,India
s4431,Argentina
s4432,United Kingdom
s4432,India
s4433,India
s4434,India
s4435,United States
s4436,Brazil
s4437,United States
s4438,India
s4439,India
s4440,India
s4441,India
s4442,India
s4443,India
s4444,India
s4445,India
s4446,India
s4447,India
s4448,United States
s4449,India
s4450,India
s4451,United States
s4452,India
s4453,India
s4454,India
s4455,India
s4456,India
s4457,India
s4458,India
s4459,India
s4460,India
s4461,United States
s4462,Unknown
s4463,United States
s4464,South Africa
s4465,India
s4466,India
s4467,India
s4468,Spain
s4468,France
s4469,Philippines
s4470,Japan
s4471,Hong Kong
s4471,China
s4472,Unknown
s4473,Russia
s4473,Poland
s4473,Serbia
s4474,Spain
s4474,Portugal
s4475,Colombia
s4476,United States
s4476,United Kingdom
s4477,United States
s4477,Czech Republic
s4478,India
s4479,United States
s4480,United States
s4481,United States
s4482,Unknown
s4483,United States
s4484,China
s4485,United States
s4486,United States
s4487,Peru
s4488,China
s4489,Australia
s4490,United States
s4491,Mexico
s4491,Argentina
s4492,Unknown
s4493,United Kingdom
s4493,Canada
s4493,United States
s4493,Cayman Islands
s4494,South Korea
s4495,United States
s4496,United States
s4497,India
s4498,Unknown
s4499,Thailand
s4500,Hong Kong
s4500,China
s4501,Indonesia
s4501,United States
s4502,United Kingdom
s4503,India
s4504,Canada
s4505,Australia
s4506,United States
s4507,India
s4508,India
s4509,United Kingdom
s4510,India
s4511,United Kingdom
s4511,United States
s4512,Unknown
s4513,Spain
s4513,France
s4514,United States
s4515,Unknown
s4516,Indonesia
s4517,United States
s4518,United States
s4519,United States
s4520,United States
s4520,Israel
s4520,United Kingdom
s4520,Canada
s4521,Unknown
s4522,Unknown
s4523,Norway
s4523,Iceland
s4523,United States
s4524,Brazil
s4525,United States
s4526,United States
s4527,Malaysia
s4528,United States
s4529,United States
s4530,Unknown
s4531,Czech Republic
s4531,United States
s4532,Japan
s4533,United Kingdom
s4534,United States
s4535,Unknown
s4536,South Korea
s4537,Unknown
s4538,United Kingdom
s4538,India
s4538,United States
s4539,United States
s4540,United States
s4540,Bulgaria
s4541,United States
s4542,Unknown
s4543,United Kingdom
s4544,Unknown
s4545,United Kingdom
s4546,United Kingdom
s4547,United States
s4548,United Kingdom
s4549,United Kingdom
s4550,United Kingdom
s4551,United Kingdom
s4551,West Germany
s4552,United Kingdom
s4553,United Kingdom
s4554,United States
s4554,United Kingdom
s4555,United Kingdom
s4556,United Kingdom
s4557,India
s4558,Canada
s4559,India
s4560,India
s4561,India
s4562,India
s4563,India
s4564,India
s4565,Unknown
s4566,India
s4567,Unknown
s4568,India
s4569,India
s4570,India
s4571,United States
s4572,India
s4573,India
s4574,India
s4575,India
s4576,India
s4577,India
s4578,India
s4579,India
s4580,India
s4581,India
s4582,India
s4583,India
s4584,India
s4585,India
s4586,India
s4587,India
s4588,India
s4589,India
s4590,United States
s4591,United States
s4591,Canada
s4592,United States
s4593,India
s4594,India
s4595,India
s4596,India
s4597,India
s4597,United States
s4598,India
s4599,India
s4600,India
s4601,India
s4602,India
s4603,India
s4604,India
s4605,United States
s4606,India
s4607,Unknown
s4608,India
s4609,United Kingdom
s4610,India
s4611,India
s4612,India
s4613,India
s4614,India
s4614,Australia
s4615,India
s4616,Pakistan
s4617,United States
s4617,United Kingdom
s4618,Brazil
s4619,China
s4620,United States
s4621,United States
s4622,United States
s4623,Canada
s4624,South Korea
s4624,United States
s4625,Indonesia
s4626,Spain
s4627,United Kingdom
s4627,United States
s4628,Unknown
s4629,Japan
s4630,United States
s4631,United States
s4632,Brazil
s4633,United States
s4634,Japan
s4635,Canada
s4635,United States
s4636,Lebanon
s4637,United States
s4638,Unknown
s4639,Mexico
s4640,United States
s4641,Unknown
s4642,Israel
s4642,United States
s4643,United States
s4644,China
s4645,United States
s4646,South Korea
s4647,Italy
s4648,United States
s4649,Unknown
s4650,Netherlands
s4651,Unknown
s4652,United States
s4653,United States
s4654,United States
s4655,Unknown
s4656,United States
s4657,China
s4657,Canada
s4657,United States
s4658,United States
s4659,United States
s4660,Belgium
s4660,United Kingdom
s4660,United States
s4661,India
s4662,United Kingdom
s4662,United States
s4663,Thailand
s4664,United States
s4665,Taiwan
s4666,France
s4666,Belgium
s4667,India
s4668,India
s4669,India
s4670,India
s4670,Germany
s4670,Austria
s4671,Australia
s4672,France
s4673,Spain
s4674,United States
s4674,Czech Republic
s4675,United States
s4676,Spain
s4677,United States
s4677,Brazil
s4677,South Korea
s4677,Mexico
s4677,Japan
s4677,Germany
s4678,Unknown
s4679,Colombia
s4680,India
s4681,India
s4682,India
s4683,United States
s4684,United States
s4685,Unknown
s4686,India
s4687,Canada
s4688,China
s4689,United States
s4690,United Kingdom
s4691,India
s4692,India
s4693,India
s4694,India
s4695,India
s4696,United States
s4697,United States
s4698,Spain
s4698,Mexico
s4699,United States
s4700,South Korea
s4701,India
s4702,United States
s4702,India
s4703,Australia
s4704,United States
s4705,United States
s4706,United Kingdom
s4706,France
s4706,United States
s4707,United States
s4708,United States
s4709,Argentina
s4709,Spain
s4710,United States
s4711,Unknown
s4712,Taiwan
s4713,India
s4714,India
s4715,India
s4716,China
s4716,Japan
s4717,Spain
s4718,Unknown
s4719,United States
s4720,India
s4721,India
s4722,India
s4723,India
s4724,India
s4725,India
s4726,India
s4727,India
s4728,India
s4729,India
s4730,India
s4731,India
s4732,India
s4733,India
s4734,India
s4735,India
s4736,India
s4737,India
s4738,India
s4739,Mexico
s4740,United States
s4741,Argentina
s4741,France
s4742,Japan
s4743,Japan
s4744,France
s4745,Japan
s4746,Australia
s4747,Australia
s4748,Australia
s4749,France
s4749,Belgium
s4750,Mexico
s4751,Mexico
s4751,United States
s4752,United States
s4753,Japan
s4754,Australia
s4754,United States
s4755,Spain
s4756,India
s4757,United States
s4758,Spain
s4759,United Kingdom
s4760,New Zealand
s4761,China
s4761,United States
s4761,United Kingdom
s4762,United States
s4763,United States
s4764,Japan
s4765,Canada
s4765,United States
s4766,Brazil
s4767,Spain
s4768,Unknown
s4769,Spain
s4770,Japan
s4771,Australia
s4772,United States
s4773,China
s4774,United States
s4775,United States
s4776,Mexico
s4777,Israel
s4778,United Kingdom
s4779,United States
s4780,South Korea
s4781,United States
s4782,Argentina
s4783,United States
s4784,Spain
s4785,France
s4785,Luxembourg
s4785,United States
s4786,United States
s4787,United States
s4788,United States
s4789,United States
s4790,China
s4790,United States
s4790,Australia
s4791,India
s4792,United States
s4793,India
s4794,India
s4795,United States
s4796,India
s4797,India
s4798,India
s4799,United States
s4800,Mexico
s4801,India
s4802,United States
s4803,India
s4804,United States
s4805,United States
s4806,Spain
s4807,United Kingdom
s4808,United Kingdom
s4809,Chile
s4810,United Kingdom
s4810,United States
s4811,Colombia
s4811,Mexico
s4812,United States
s4813,United States
s4814,United States
s4814,Canada
s4815,United States
s4816,Brazil
s4817,Japan
s4818,France
s4819,United States
s4820,United States
s4820,Canada
s4820,Ireland
s4821,United Kingdom
s4822,United States
s4823,China
s4824,Australia
s4825,United States
s4826,India
s4827,Israel
s4828,Peru
s4829,United States
s4830,Spain
s4831,Chile
s4831,Peru
s4832,Unknown
s4833,Unknown
s4834,United States
s4835,Australia
s4836,Mexico
s4837,France
s4838,United States
s4839,Japan
s4840,India
s4841,Thailand
s4842,France
s4843,United States
s4844,Germany
s4845,United States
s4846,United States
s4847,United States
s4848,Spain
s4849,South Korea
s4850,Argentina
s4851,United States
s4852,United States
s4853,United States
s4853,Mexico
s4854,Japan
s4855,United States
s4856,South Africa
s4857,Unknown
s4858,Canada
s4858,United States
s4858,France
s4859,United States
s4860,Argentina
s4860,Italy
s4861,India
s4862,Japan
s4863,Japan
s4864,United States
s4865,United States
s4866,United States
s4867,Mexico
s4868,United States
s4869,United Kingdom
s4869,United States
s4870,United States
s4871,United States
s4872,Germany
s4873,United States
s4874,Canada
s4874,Japan
s4874,United States
s4875,United States
s4876,United Kingdom
s4876,Canada
s4876,United States
s4876,Germany
s4877,France
s4878,United States
s4879,Italy
s4879,Switzerland
s4879,Albania
s4879,Poland
s4880,United States
s4880,Japan
s4880,Canada
s4881,Mexico
s4882,China
s4882,Hong Kong
s4883,Spain
s4884,Colombia
s4885,Cambodia
s4886,India
s4887,India
s4888,Italy
s4888,United States
s4888,Argentina
s4889,United States
s4890,Argentina
s4890,Spain
s4891,United States
s4892,Canada
s4893,Unknown
s4894,Spain
s4895,Unknown
s4896,United States
s4897,Unknown
s4898,Unknown
s4899,France
s4900,India
s4901,Unknown
s4902,United States
s4903,Spain
s4904,Saudi Arabia
s4904,Syria
s4904,Egypt
s4904,Lebanon
s4904,Kuwait
s4905,India
s4906,France
s4907,Unknown
s4908,United States
s4909,Unknown
s4910,Spain
s4911,Unknown
s4912,United States
s4913,United States
s4914,Unknown
s4915,Unknown
s4916,Germany
s4917,United States
s4918,Brazil
s4919,South Korea
s4920,United States
s4921,United States
s4922,Canada
s4922,United States
s4923,United States
s4924,Brazil
s4925,Germany
s4926,France
s4927,United States
s4928,United States
s4928,Canada
s4928,Indonesia
s4928,United Kingdom
s4928,China
s4928,Singapore
s4929,United States
s4930,France
s4931,United States
s4932,Colombia
s4933,United Kingdom
s4934,Philippines
s4935,United States
s4936,United States
s4937,Spain
s4937,Colombia
s4938,United States
s4939,United States
s4940,Mexico
s4940,United States
s4941,Argentina
s4942,United Kingdom
s4942,South Africa
s4942,Australia
s4942,United States
s4943,France
s4944,Bulgaria
s4945,France
s4946,India
s4947,United States
s4948,Argentina
s4948,Brazil
s4948,France
s4948,Poland
s4948,Germany
s4948,Denmark
s4949,India
s4950,Sweden
s4951,United States
s4952,United Kingdom
s4953,India
s4954,India
s4955,India
s4956,India
s4957,India
s4958,United Kingdom
s4959,United Kingdom
s4960,United States
s4961,United States
s4962,United States
s4963,Mexico
s4964,United Kingdom
s4964,Spain
s4964,United States
s4964,Germany
s4965,Canada
s4966,Canada
s4967,Canada
s4968,United Kingdom
s4969,United Kingdom
s4970,Philippines
s4970,Qatar
s4971,United States
s4972,Netherlands
s4972,Belgium
s4972,Germany
s4972,Jordan
s4973,United States
s4974,United Kingdom
s4975,United States
s4976,India
s4977,United States
s4978,United Arab Emirates
s4978,United States
s4979,Argentina
s4980,United States
s4981,United States
s4982,Unknown
s4983,Japan
s4984,Sweden
s4985,Egypt
s4986,Belgium
s4987,Poland
s4988,South Korea
s4989,Japan
s4990,United Kingdom
s4991,United States
s4992,Japan
s4993,United Kingdom
s4993,United States
s4994,United States
s4995,South Korea
s4996,India
s4997,Bulgaria
s4997,United States
s4998,Norway
s4998,Germany
s4998,Sweden
s4999,United States
s5000,Unknown
s5001,United States
s5002,Argentina
s5003,Chile
s5004,Canada
s5005,Canada
s5006,United States
s5007,United States
s5008,India
s5009,India
s5010,India
s5011,United States
s5012,Germany
s5013,India
s5014,Spain
s5015,India
s5016,Canada
s5017,Canada
s5018,Canada
s5019,Canada
s5020,Canada
s5021,India
s5022,India
s5023,South Korea
s5024,United Kingdom
s5025,United States
s5026,Spain
s5027,South Korea
s5027,China
s5028,France
s5029,United Kingdom
s5029,Germany
s5030,United States
s5031,United Kingdom
s5032,South Korea
s5033,United Kingdom
s5034,Japan
s5035,Argentina
s5036,United States
s5037,United States
s5038,United States
s5039,Japan
s5040,United States
s5041,India
s5042,United States
s5043,United Kingdom
s5043,Canada
s5044,Georgia
s5045,United States
s5046,Unknown
s5047,United States
s5048,United States
s5049,United States
s5050,Unknown
s5051,Hungary
s5052,South Korea
s5053,United States
s5053,Mexico
s5054,United States
s5055,United States
s5056,Germany
s5057,United States
s5058,United Kingdom
s5059,Spain
s5060,United States
s5061,Singapore
s5062,Mexico
s5063,Argentina
s5064,United States
s5065,Bulgaria
s5065,United States
s5066,South Korea
s5067,Colombia
s5068,United States
s5069,Unknown
s5070,United States
s5070,New Zealand
s5071,Japan
s5072,United States
s5073,United States
s5074,Canada
s5074,United States
s5075,United Kingdom
s5076,Spain
s5077,Colombia
s5078,Japan
s5079,United States
s5080,Soviet Union
s5080,India
s5081,India
s5082,Australia
s5082,United Arab Emirates
s5083,United States
s5084,Czech Republic
s5084,United States
s5085,United States
s5086,South Korea
s5087,United States
s5088,Colombia
s5089,India
s5090,Unknown
s5091,United Kingdom
s5091,United States
s5092,United States
s5093,Japan
s5094,United States
s5095,Spain
s5096,Japan
s5097,Japan
s5098,United Kingdom
s5099,Japan
s5100,France
s5101,United States
s5102,United States
s5103,Canada
s5104,France
s5105,France
s5106,Unknown
s5107,Germany
s5108,United States
s5109,United States
s5110,Unknown
s5111,United States
s5112,United Kingdom
s5113,Australia
s5113,United States
s5114,United States
s5115,Argentina
s5116,Canada
s5117,Mexico
s5117,United States
s5118,United Kingdom
s5119,Canada
s5119,Germany
s5119,South Africa
s5120,South Korea
s5121,Unknown
s5122,United States
s5123,India
s5124,United States
s5125,South Korea
s5125,China
s5125,United States
s5126,United States
s5127,United States
s5128,United States
s5129,Unknown
s5130,United States
s5131,India
s5132,India
s5132,Soviet Union
s5133,Australia
s5133,United States
s5134,United States
s5135,United States
s5136,India
s5137,Japan
s5137,United States
s5138,United States
s5139,United States
s5140,Malaysia
s5141,United States
s5142,Japan
s5143,India
s5143,Mexico
s5144,Georgia
s5144,Germany
s5144,France
s5145,France
s5146,Unknown
s5147,United Arab Emirates
s5147,Romania
s5148,United States
s5149,United States
s5150,United Kingdom
s5151,United Kingdom
s5152,India
s5153,United States
s5154,Spain
s5155,Japan
s5156,Unknown
s5157,Unknown
s5158,South Korea
s5159,United States
s5160,United States
s5161,Australia
s5161,Canada
s5162,United States
s5163,United States
s5164,United States
s5165,Canada
s5165,United States
s5166,United States
s5167,United States
s5168,United States
s5169,United States
s5170,Japan
s5171,Russia
s5172,United States
s5173,Canada
s5174,Japan
s5175,Japan
s5176,United States
s5177,Mexico
s5178,Brazil
s5179,Japan
s5180,United States
s5181,United States
s5182,United States
s5183,United States
s5184,India
s5185,Unknown
s5186,Canada
s5187,India
s5188,Spain
s5189,United Arab Emirates
s5190,Germany
s5191,China
s5192,Unknown
s5193,Unknown
s5194,Unknown
s5195,Unknown
s5196,Singapore
s5197,United States
s5198,United States
s5199,United States
s5200,Canada
s5201,United States
s5202,United States
s5203,United States
s5204,United States
s5205,United Kingdom
s5206,Canada
s5206,United States
s5207,United Kingdom
s5208,United States
s5209,United States
s5210,United States
s5211,United States
s5212,United States
s5213,France
s5214,United States
s5215,India
s5216,Unknown
s5217,Unknown
s5218,India
s5219,New Zealand
s5220,France
s5221,India
s5221,Malaysia
s5222,United States
s5223,Germany
s5223,Jordan
s5223,Netherlands
s5224,Turkey
s5224,France
s5224,Germany
s5224,Poland
s5225,Mexico
s5226,United Kingdom
s5227,United States
s5228,United States
s5229,Saudi Arabia
s5230,Spain
s5231,United States
s5232,Japan
s5233,China
s5234,Greece
s5234,United States
s5235,United States
s5236,South Korea
s5237,Japan
s5238,United States
s5238,Canada
s5239,Spain
s5240,United States
s5240,Italy
s5241,United States
s5242,Canada
s5243,Unknown
s5244,France
s5244,United Kingdom
s5244,United States
s5245,United States
s5246,United States
s5247,Singapore
s5248,Singapore
s5249,Norway
s5249,Germany
s5250,Mexico
s5251,Taiwan
s5252,United Kingdom
s5253,United States
s5254,United States
s5255,Unknown
s5256,United States
s5257,Unknown
s5258,United Kingdom
s5259,United States
s5260,Unknown
s5261,France
s5261,Morocco
s5262,United States
s5263,United States
s5263,Japan
s5264,Canada
s5265,Canada
s5266,Spain
s5266,Argentina
s5267,United States
s5268,United States
s5269,United States
s5270,United States
s5270,Canada
s5271,Cambodia
s5271,United States
s5272,United States
s5272,Denmark
s5273,United States
s5274,United States
s5275,Australia
s5276,United States
s5277,United States
s5278,United States
s5279,Spain
s5280,Chile
s5281,United States
s5282,Unknown
s5283,United States
s5284,United States
s5285,United States
s5286,United States
s5287,United States
s5288,United States
s5289,Taiwan
s5290,Taiwan
s5291,India
s5292,Unknown
s5293,Japan
s5294,Japan
s5295,United States
s5296,India
s5297,India
s5298,Japan
s5299,Japan
s5300,United States
s5301,India
s5302,United States
s5303,United States
s5304,India
s5305,India
s5306,United States
s5306,Colombia
s5306,Mexico
s5307,Germany
s5308,United States
s5309,France
s5310,India
s5310,Soviet Union
s5311,Argentina
s5311,Spain
s5312,China
s5313,United Kingdom
s5313,Italy
s5313,Israel
s5313,Peru
s5313,United States
s5314,Argentina
s5314,Uruguay
s5314,Spain
s5314,France
s5315,Argentina
s5316,United States
s5317,United States
s5318,Australia
s5319,United States
s5320,United States
s5321,United States
s5322,United States
s5323,United States
s5324,United Kingdom
s5324,France
s5324,United States
s5324,Belgium
s5325,Turkey
s5326,United States
s5327,United States
s5328,Japan
s5329,United States
s5330,United States
s5331,Mexico
s5332,United States
s5333,United States
s5334,United States
s5335,India
s5336,Unknown
s5337,Unknown
s5338,India
s5339,Unknown
s5340,Unknown
s5341,United States
s5342,France
s5342,Canada
s5342,China
s5342,Cambodia
s5343,Mexico
s5344,United States
s5345,United Kingdom
s5345,France
s5345,Belgium
s5345,United States
s5346,United States
s5347,Spain
s5347,Germany
s5348,Singapore
s5349,Taiwan
s5350,South Korea
s5351,Russia
s5352,Ireland
s5353,Unknown
s5354,United States
s5355,Taiwan
s5356,Russia
s5357,Unknown
s5358,Unknown
s5359,United States
s5360,Australia
s5361,Unknown
s5362,Chile
s5362,France
s5363,Singapore
s5364,United Kingdom
s5365,France
s5366,United Kingdom
s5367,United Kingdom
s5368,United States
s5369,United States
s5370,United States
s5371,Sweden
s5371,United States
s5372,India
s5373,United States
s5374,Spain
s5375,Spain
s5376,United States
s5377,United States
s5378,United States
s5379,United States
s5380,United States
s5381,United States
s5382,Canada
s5383,China
s5384,China
s5385,China
s5386,United States
s5387,China
s5388,France
s5389,Turkey
s5390,Australia
s5391,Singapore
s5392,India
s5393,United States
s5393,Canada
s5394,Unknown
s5395,Netherlands
s5396,Turkey
s5397,India
s5398,United Kingdom
s5399,India
s5400,Singapore
s5401,India
s5402,Unknown
s5403,Spain
s5404,Singapore
s5405,Singapore
s5406,Singapore
s5407,Singapore
s5408,Singapore
s5409,India
s5410,Singapore
s5411,Singapore
s5412,Spain
s5413,United States
s5413,Canada
s5414,United States
s5414,United Kingdom
s5415,Japan
s5416,South Korea
s5416,United States
s5417,United States
s5418,United States
s5419,Netherlands
s5419,United States
s5420,United States
s5421,India
s5422,United States
s5423,United States
s5423,Japan
s5423,Canada
s5424,United States
s5425,United States
s5426,United States
s5427,United States
s5428,United States
s5429,Italy
s5429,United States
s5430,India
s5431,Brazil
s5432,United Kingdom
s5433,United States
s5434,South Korea
s5435,South Korea
s5436,South Korea
s5437,South Korea
s5438,China
s5439,South Korea
s5440,South Korea
s5441,Canada
s5441,United States
s5442,India
s5443,Indonesia
s5444,Spain
s5445,United Kingdom
s5446,United States
s5447,South Korea
s5448,India
s5449,United Kingdom
s5450,United States
s5451,United Kingdom
s5452,United Kingdom
s5453,India
s5454,United States
s5455,Brazil
s5456,France
s5456,United Kingdom
s5456,India
s5457,Canada
s5457,United States
s5458,Singapore
s5459,Unknown
s5460,United States
s5461,India
s5462,India
s5463,India
s5464,Spain
s5465,Denmark
s5466,Singapore
s5467,United Kingdom
s5468,United Kingdom
s5469,United States
s5470,India
s5471,United States
s5472,United States
s5473,India
s5474,United States
s5475,France
s5476,Unknown
s5477,Japan
s5478,Thailand
s5479,Brazil
s5480,United States
s5481,United States
s5482,India
s5483,India
s5484,United States
s5485,United States
s5486,India
s5487,Czech Republic
s5487,Slovakia
s5488,Germany
s5488,United States
s5489,Unknown
s5490,United States
s5491,United Kingdom
s5492,France
s5492,Canada
s5493,United States
s5494,United States
s5495,Australia
s5496,Mexico
s5497,United States
s5498,United States
s5499,Singapore
s5499,France
s5500,India
s5501,India
s5502,France
s5502,Belgium
s5503,France
s5503,Belgium
s5504,United Kingdom
s5505,Canada
s5506,India
s5507,Canada
s5508,Spain
s5508,Switzerland
s5509,United States
s5509,Australia
s5509,China
s5510,South Korea
s5511,South Korea
s5512,United States
s5513,Canada
s5513,United States
s5514,South Korea
s5515,Spain
s5516,India
s5517,South Africa
s5517,United States
s5517,Germany
s5518,Sweden
s5519,United States
s5520,Canada
s5521,United States
s5522,United States
s5523,United States
s5524,United States
s5525,United States
s5526,United States
s5527,Germany
s5528,Germany
s5529,Germany
s5530,Italy
s5531,Nigeria
s5532,France
s5532,Belgium
s5533,Spain
s5534,United States
s5535,Mexico
s5536,United States
s5537,United States
s5538,South Korea
s5539,United States
s5540,Spain
s5540,Argentina
s5541,United States
s5542,United States
s5543,Turkey
s5544,Brazil
s5545,United States
s5546,India
s5547,United States
s5548,India
s5549,United States
s5550,India
s5551,Spain
s5552,Argentina
s5553,Spain
s5554,United Kingdom
s5555,Unknown
s5556,United Kingdom
s5557,United States
s5558,United States
s5559,United States
s5559,United Kingdom
s5559,Australia
s5560,Brazil
s5561,United States
s5562,United States
s5563,United States
s5564,Japan
s5565,United States
s5566,United States
s5567,United States
s5568,Australia
s5569,South Korea
s5570,Japan
s5571,United Kingdom
s5571,Japan
s5571,United States
s5572,India
s5573,Canada
s5574,United Kingdom
s5575,India
s5576,United States
s5577,United States
s5578,Portugal
s5578,Spain
s5579,United States
s5580,United States
s5581,South Korea
s5582,Turkey
s5583,United States
s5584,United Kingdom
s5585,India
s5586,South Korea
s5587,United States
s5588,India
s5589,Brazil
s5590,Brazil
s5591,United States
s5592,Mexico
s5593,South Korea
s5594,Turkey
s5595,United States
s5596,Spain
s5597,United States
s5598,Spain
s5598,Italy
s5598,Argentina
s5599,South Korea
s5600,India
s5601,Germany
s5602,South Korea
s5603,Canada
s5604,South Korea
s5605,Spain
s5606,Chile
s5606,Spain
s5606,Argentina
s5606,Germany
s5607,United States
s5608,United Kingdom
s5609,South Korea
s5610,Japan
s5611,United Kingdom
s5611,United States
s5612,Italy
s5613,West Germany
s5614,United States
s5615,Mexico
s5616,United States
s5617,India
s5618,India
s5619,India
s5620,Spain
s5621,Spain
s5622,Canada
s5622,United States
s5623,United States
s5624,Mexico
s5625,France
s5626,United Kingdom
s5627,Brazil
s5628,United States
s5629,France
s5630,India
s5631,United States
s5632,United States
s5633,Germany
s5634,Austria
s5634,Czech Republic
s5635,Germany
s5636,Germany
s5637,France
s5638,United States
s5639,Lebanon
s5639,Qatar
s5640,United States
s5641,United States
s5642,United Kingdom
s5642,Jordan
s5642,Qatar
s5642,Iran
s5643,United States
s5644,United States
s5645,Canada
s5646,United States
s5647,United States
s5648,India
s5649,United States
s5650,France
s5650,Belgium
s5651,United States
s5652,India
s5653,Mexico
s5654,South Korea
s5655,Japan
s5656,United States
s5657,Mexico
s5658,United States
s5659,United States
s5660,France
s5660,South Korea
s5660,Japan
s5661,United States
s5662,United States
s5663,United Kingdom
s5664,United States
s5665,Germany
s5666,South Korea
s5667,United Kingdom
s5668,South Korea
s5669,South Korea
s5670,South Korea
s5671,China
s5672,South Korea
s5673,Japan
s5674,South Korea
s5675,United Kingdom
s5676,South Korea
s5677,Israel
s5677,Germany
s5677,France
s5678,Canada
s5678,Japan
s5678,Netherlands
s5679,Mexico
s5680,United States
s5681,United Kingdom
s5682,United States
s5683,United States
s5683,Hungary
s5684,United States
s5685,Taiwan
s5686,United States
s5687,France
s5687,Germany
s5688,United States
s5689,United States
s5690,United States
s5691,United States
s5692,France
s5693,Canada
s5694,Canada
s5694,United States
s5695,United States
s5696,United States
s5697,India
s5698,United States
s5699,Peru
s5700,Taiwan
s5701,Taiwan
s5702,India
s5703,United States
s5704,Taiwan
s5705,United States
s5706,India
s5707,Mexico
s5708,United States
s5709,United States
s5710,United States
s5711,India
s5712,Mexico
s5713,United States
s5714,United States
s5715,France
s5715,Qatar
s5716,Colombia
s5717,United Kingdom
s5718,Germany
s5719,India
s5720,United States
s5721,France
s5722,United States
s5723,Iceland
s5724,United Kingdom
s5725,United States
s5726,Austria
s5727,United Kingdom
s5728,Taiwan
s5729,Taiwan
s5730,Taiwan
s5731,Taiwan
s5732,Taiwan
s5733,Taiwan
s5734,United States
s5735,Unknown
s5736,Spain
s5737,Canada
s5738,Canada
s5738,United States
s5739,United Kingdom
s5739,Germany
s5739,Canada
s5740,France
s5741,France
s5741,Belgium
s5742,Canada
s5743,France
s5744,Spain
s5745,United States
s5746,United States
s5747,France
s5748,Japan
s5749,Japan
s5750,Japan
s5751,France
s5752,Japan
s5753,United Kingdom
s5753,France
s5754,Japan
s5755,United States
s5756,United States
s5757,United States
s5758,United States
s5759,United States
s5760,United States
s5761,Ireland
s5761,South Africa
s5762,United States
s5763,Taiwan
s5764,Taiwan
s5765,New Zealand
s5766,Brazil
s5767,Taiwan
s5768,India
s5769,Taiwan
s5770,United States
s5770,Russia
s5771,Chile
s5771,United States
s5771,France
s5772,Taiwan
s5773,Spain
s5774,United States
s5774,Canada
s5775,United States
s5776,Unknown
s5777,Netherlands
s5778,Taiwan
s5779,India
s5780,United States
s5781,Italy
s5782,Taiwan
s5783,Denmark
s5783,United States
s5784,United States
s5785,United States
s5786,United States
s5787,Unknown
s5788,Unknown
s5789,Unknown
s5790,Unknown
s5791,Unknown
s5792,Unknown
s5793,Canada
s5793,United States
s5794,United States
s5795,United States
s5796,United Kingdom
s5797,United States
s5798,United States
s5799,United Kingdom
s5800,Unknown
s5801,United States
s5802,United Kingdom
s5803,United Kingdom
s5804,United States
s5805,United Kingdom
s5806,Taiwan
s5807,United Kingdom
s5808,Japan
s5809,United States
s5810,United States
s5811,United States
s5812,United States
s5813,United Kingdom
s5814,United States
s5815,United Kingdom
s5816,United States
s5817,United States
s5818,United States
s5819,United States
s5820,United States
s5821,United States
s5822,United Kingdom
s5823,United Kingdom
s5824,United Kingdom
s5825,United States
s5826,Colombia
s5827,United Kingdom
s5828,United States
s5829,United States
s5830,United States
s5830,France
s5831,United States
s5832,United States
s5833,Canada
s5834,India
s5834,United Kingdom
s5835,Japan
s5836,United States
s5837,United States
s5838,India
s5839,Unknown
s5840,Mexico
s5841,United States
s5842,China
s5842,Hong Kong
s5843,United States
s5844,Japan
s5845,Australia
s5846,Australia
s5847,United States
s5848,United States
s5849,Canada
s5849,United Kingdom
s5849,United States
s5850,United States
s5851,United States
s5852,Belgium
s5852,France
s5852,Netherlands
s5853,United States
s5854,Japan
s5854,United States
s5855,United States
s5856,Canada
s5857,Japan
s5858,United States
s5859,Canada
s5860,United Kingdom
s5861,United Kingdom
s5862,United States
s5863,United States
s5864,Japan
s5865,China
s5865,United States
s5866,United States
s5867,United States
s5868,United States
s5869,United States
s5870,United States
s5871,Unknown
s5872,United States
s5873,Mexico
s5874,Hong Kong
s5874,China
s5875,Hong Kong
s5875,China
s5876,United States
s5877,United States
s5878,France
s5879,United States
s5880,United States
s5881,Canada
s5882,United States
s5883,Japan
s5884,United States
s5885,United States
s5886,United States
s5887,United States
s5888,United States
s5889,United States
s5890,United States
s5891,United States
s5892,United States
s5893,United States
s5894,United Kingdom
s5894,Ukraine
s5894,United States
s5895,United States
s5896,Unknown
s5897,United States
s5898,United States
s5899,United States
s5900,United States
s5901,United States
s5902,United States
s5903,Germany
s5903,Australia
s5903,France
s5903,China
s5904,United States
s5905,United States
s5906,United States
s5907,United States
s5908,United States
s5909,United Kingdom
s5910,Mexico
s5911,United States
s5912,United States
s5913,United States
s5914,United States
s5915,France
s5916,United States
s5917,United States
s5918,United States
s5919,United States
s5920,Unknown
s5921,United States
s5922,United States
s5923,Norway
s5923,United States
s5924,Canada
s5925,United States
s5926,United Kingdom
s5927,United States
s5928,United States
s5929,United States
s5930,United States
s5931,United States
s5931,Bermuda
s5931,Ecuador
s5932,United States
s5933,United States
s5934,United States
s5934,Hungary
s5934,Ireland
s5934,Canada
s5935,United States
s5936,United Kingdom
s5936,Egypt
s5936,United States
s5937,United States
s5938,United States
s5939,United States
s5940,United States
s5940,United Kingdom
s5941,United States
s5942,United States
s5943,United States
s5944,United States
s5945,United States
s5946,United States
s5947,United States
s5948,United States
s5949,United States
s5950,United States
s5951,United States
s5952,United States
s5953,United States
s5954,United States
s5954,France
s5954,United Kingdom
s5955,Spain
s5955,Mexico
s5955,France
s5956,United States
s5957,Denmark
s5958,United States
s5959,United States
s5960,United States
s5961,United States
s5962,India
s5963,India
s5964,Nigeria
s5965,Unknown
s5966,Norway
s5966,Iceland
s5966,United States
s5967,India
s5968,United Kingdom
s5969,India
s5970,India
s5971,India
s5972,United States
s5973,Canada
s5974,Canada
s5975,Unknown
s5976,Iceland
s5977,Turkey
s5978,United States
s5979,Turkey
s5980,United States
s5981,United States
s5982,United States
s5982,South Africa
s5983,Spain
s5984,United States
s5985,United Kingdom
s5986,United States
s5987,South Korea
s5988,United States
s5989,United States
s5990,Unknown
s5991,Hong Kong
s5991,China
s5991,Singapore
s5992,United States
s5993,United States
s5993,Germany
s5994,United States
s5995,United States
s5996,United States
s5997,United States
s5998,South Korea
s5999,United Kingdom
s6000,United States
s6001,United States
s6002,India
s6003,United States
s6004,South Africa
s6004,China
s6004,United States
s6005,Argentina
s6006,United Kingdom
s6007,United States
s6008,Unknown
s6009,United States
s6010,Indonesia
s6011,Canada
s6012,Egypt
s6013,United States
s6014,Denmark
s6014,France
s6014,Poland
s6015,United States
s6016,United States
s6017,Unknown
s6018,United States
s6019,United States
s6020,United States
s6021,Indonesia
s6022,New Zealand
s6022,United Kingdom
s6023,India
s6024,United States
s6025,India
s6026,Pakistan
s6027,United States
s6028,United States
s6028,China
s6029,India
s6030,United States
s6031,United States
s6031,United Kingdom
s6032,United Kingdom
s6032,United States
s6033,United States
s6034,Netherlands
s6034,Denmark
s6034,South Africa
s6035,Canada
s6035,United States
s6036,India
s6037,United States
s6038,Taiwan
s6039,United States
s6040,United States
s6041,United States
s6042,United States
s6043,United States
s6044,United States
s6045,South Korea
s6046,Unknown
s6047,United Arab Emirates
s6047,United States
s6048,United States
s6049,Brazil
s6050,United States
s6051,Netherlands
s6052,United Kingdom
s6053,United States
s6054,United States
s6055,Canada
s6056,India
s6057,Iran
s6057,France
s6058,United States
s6058,United Kingdom
s6058,France
s6059,United States
s6060,Israel
s6060,United States
s6061,United States
s6062,United States
s6063,United States
s6064,India
s6065,United States
s6066,United States
s6067,United Kingdom
s6068,United States
s6069,Canada
s6070,United States
s6071,Turkey
s6072,India
s6073,India
s6074,India
s6075,India
s6076,India
s6077,India
s6078,Egypt
s6079,India
s6080,South Korea
s6081,United States
s6082,United Kingdom
s6082,United States
s6082,France
s6082,Germany
s6083,Argentina
s6084,Mexico
s6085,Canada
s6086,United States
s6086,United Kingdom
s6087,United States
s6088,Turkey
s6088,United States
s6089,Canada
s6090,United States
s6091,France
s6092,Australia
s6092,France
s6093,India
s6094,Canada
s6094,United States
s6095,United Kingdom
s6096,United States
s6097,United States
s6098,United States
s6099,United States
s6099,Chile
s6100,United Kingdom
s6101,United Kingdom
s6102,Unknown
s6103,India
s6104,India
s6105,United States
s6106,United Kingdom
s6107,India
s6108,India
s6109,Egypt
s6110,United States
s6110,Bulgaria
s6111,Spain
s6112,United States
s6113,United States
s6114,United States
s6115,Sweden
s6115,United States
s6116,United States
s6117,Ireland
s6117,United Kingdom
s6117,United States
s6118,Spain
s6118,Italy
s6119,United States
s6120,United States
s6121,United States
s6122,United Kingdom
s6123,United Kingdom
s6123,France
s6123,Germany
s6124,United States
s6124,Germany
s6124,Canada
s6125,United States
s6126,United States
s6126,India
s6127,United Kingdom
s6128,United States
s6129,United States
s6130,United Kingdom
s6131,India
s6132,Egypt
s6133,United States
s6134,United States
s6135,United States
s6136,United States
s6137,United States
s6138,United States
s6139,United States
s6140,United States
s6141,United States
s6142,Canada
s6143,Canada
s6143,Luxembourg
s6144,United States
s6145,United Kingdom
s6145,United States
s6146,United States
s6147,United States
s6148,United States
s6148,Canada
s6149,United States
s6150,United Kingdom
s6151,India
s6152,United States
s6153,United States
s6154,United States
s6155,United States
s6156,Egypt
s6157,Taiwan
s6158,United States
s6159,Egypt
s6160,India
s6161,Spain
s6162,United States
s6163,United States
s6164,United States
s6165,United States
s6166,India
s6166,Germany
s6167,India
s6168,India
s6169,India
s6170,United States
s6171,Brazil
s6171,Netherlands
s6171,United States
s6171,Colombia
s6171,Austria
s6171,Germany
s6172,United States
s6173,Egypt
s6174,Unknown
s6175,United States
s6176,United States
s6177,India
s6178,Japan
s6179,United States
s6180,United States
s6181,United States
s6181,Canada
s6182,France
s6182,Canada
s6182,Belgium
s6183,United States
s6184,Egypt
s6185,Indonesia
s6186,United States
s6187,United Kingdom
s6187,United States
s6188,United States
s6189,United States
s6190,United States
s6191,South Korea
s6192,United States
s6193,Canada
s6194,United States
s6194,Canada
s6195,Canada
s6195,France
s6196,United Kingdom
s6197,Chile
s6198,United Kingdom
s6199,Australia
s6200,Bulgaria
s6200,United States
s6200,Spain
s6200,Canada
s6201,United States
s6202,Sweden
s6202,Netherlands
s6203,India
s6204,India
s6205,Turkey
s6206,France
s6206,United States
s6206,Mexico
s6207,India
s6208,Brazil
s6209,Canada
s6210,United States
s6211,Australia
s6211,United Kingdom
s6211,United Arab Emirates
s6211,Canada
s6212,United States
s6213,United States
s6214,United Kingdom
s6215,Singapore
s6215,United States
s6216,United States
s6216,Canada
s6217,India
s6218,India
s6219,United States
s6220,Chile
s6221,United States
s6222,United States
s6223,United States
s6224,Pakistan
s6225,Turkey
s6226,United States
s6227,United States
s6228,Thailand
s6229,Unknown
s6230,Thailand
s6231,Thailand
s6232,Spain
s6233,India
s6234,Australia
s6234,Armenia
s6234,Japan
s6234,Jordan
s6234,Mexico
s6234,Mongolia
s6234,New Zealand
s6234,Philippines
s6234,South Africa
s6234,Sweden
s6234,United States
s6234,Uruguay
s6235,United States
s6236,United States
s6237,United States
s6238,United States
s6239,United States
s6240,United States
s6241,United States
s6241,Canada
s6242,United States
s6242,Canada
s6243,United States
s6244,United States
s6245,United States
s6246,Chile
s6247,India
s6248,United States
s6249,United States
s6249,France
s6250,Italy
s6251,United States
s6252,United States
s6253,United States
s6254,United Kingdom
s6255,India
s6256,India
s6257,United States
s6257,Australia
s6258,United States
s6259,Russia
s6260,Germany
s6261,United Kingdom
s6261,United States
s6262,United States
s6263,Canada
s6264,South Korea
s6265,Canada
s6266,Unknown
s6267,United States
s6268,United States
s6269,Indonesia
s6270,Egypt
s6271,United Kingdom
s6271,Ireland
s6272,United States
s6273,United States
s6274,Japan
s6274,United States
s6275,United States
s6276,Unknown
s6277,Turkey
s6278,India
s6279,United Kingdom
s6280,United States
s6281,Canada
s6282,United States
s6283,United States
s6284,United States
s6285,United States
s6286,Turkey
s6287,Germany
s6288,Unknown
s6289,United States
s6290,India
s6291,Egypt
s6292,Japan
s6293,United States
s6293,India
s6294,India
s6294,Iran
s6295,India
s6296,India
s6297,India
s6298,Unknown
s6299,India
s6300,India
s6301,India
s6302,United States
s6302,France
s6302,Japan
s6303,United States
s6304,United States
s6305,United Kingdom
s6306,United States
s6306,Germany
s6307,United States
s6308,Denmark
s6309,United States
s6310,United Kingdom
s6311,United States
s6312,United Kingdom
s6312,France
s6313,United States
s6314,India
s6315,India
s6316,Canada
s6317,United States
s6318,Vietnam
s6319,Canada
s6320,Spain
s6321,India
s6322,United States
s6323,United States
s6323,United Kingdom
s6324,Turkey
s6325,Spain
s6326,United States
s6327,United States
s6328,United States
s6329,Argentina
s6329,Spain
s6330,United States
s6331,United States
s6332,United States
s6333,United States
s6334,Australia
s6334,United States
s6335,France
s6336,Thailand
s6337,France
s6338,United States
s6339,France
s6339,Belgium
s6339,Spain
s6340,United States
s6341,United States
s6342,United Kingdom
s6343,United States
s6343,France
s6344,Germany
s6344,United States
s6345,United States
s6346,Canada
s6347,United States
s6348,Unknown
s6349,Canada
s6350,Denmark
s6350,Sweden
s6350,Israel
s6350,United States
s6351,India
s6352,United Kingdom
s6353,Ireland
s6353,United Kingdom
s6354,United States
s6354,Iceland
s6355,United States
s6356,United States
s6357,Netherlands
s6358,Australia
s6359,United States
s6360,India
s6361,Unknown
s6362,United Kingdom
s6363,United States
s6364,United Kingdom
s6364,Russia
s6365,United Kingdom
s6366,Canada
s6366,United States
s6367,Brazil
s6368,United States
s6369,United States
s6370,United States
s6371,United States
s6372,United States
s6372,Israel
s6372,Italy
s6372,South Africa
s6373,United States
s6374,United States
s6375,India
s6376,Australia
s6377,United States
s6378,United States
s6379,Unknown
s6380,United States
s6381,China
s6382,United States
s6383,Canada
s6384,Canada
s6385,Canada
s6386,Unknown
s6387,Indonesia
s6387,Singapore
s6388,Netherlands
s6388,Denmark
s6388,France
s6388,Germany
s6389,United States
s6390,Unknown
s6391,United States
s6392,United States
s6393,South Korea
s6393,Japan
s6394,United Kingdom
s6395,United States
s6396,United States
s6397,Belgium
s6397,France
s6398,United States
s6399,United Kingdom
s6400,Indonesia
s6401,Argentina
s6402,South Korea
s6403,United Kingdom
s6403,Pakistan
s6404,India
s6405,Unknown
s6406,Unknown
s6407,Unknown
s6408,Italy
s6409,Mexico
s6409,United States
s6410,United States
s6411,United States
s6412,Canada
s6413,United States
s6414,South Korea
s6415,United States
s6416,United States
s6416,United Kingdom
s6417,France
s6418,France
s6418,New Zealand
s6419,India
s6420,Ireland
s6421,United States
s6422,Philippines
s6423,United Kingdom
s6423,United States
s6423,Australia
s6424,United States
s6425,United States
s6426,United States
s6426,Mexico
s6427,Japan
s6428,United Kingdom
s6428,Czech Republic
s6428,United States
s6428,Germany
s6428,Bahamas
s6429,Hong Kong
s6430,Hong Kong
s6431,Unknown
s6432,United States
s6433,China
s6433,Germany
s6433,India
s6433,United States
s6434,United States
s6434,Australia
s6435,Canada
s6436,Norway
s6437,India
s6438,United States
s6439,India
s6440,India
s6441,India
s6442,Pakistan
s6443,Germany
s6443,Sri Lanka
s6444,United States
s6445,Indonesia
s6446,United States
s6446,Sweden
s6447,United Kingdom
s6447,United States
s6448,United States
s6449,United States
s6450,India
s6451,United States
s6452,Canada
s6453,Hong Kong
s6453,China
s6454,United States
s6455,India
s6455,France
s6456,Australia
s6457,United States
s6458,South Korea
s6459,United States
s6460,United Kingdom
s6461,United Kingdom
s6462,Unknown
s6463,Unknown
s6464,Unknown
s6465,India
s6466,India
s6467,United States
s6468,Nigeria
s6469,United States
s6470,Unknown
s6471,China
s6472,Unknown
s6473,United States
s6473,India
s6473,Bangladesh
s6474,United Kingdom
s6474,United States
s6475,United States
s6475,Canada
s6475,France
s6476,United States
s6477,United States
s6478,United States
s6479,Canada
s6479,United States
s6480,United States
s6481,United States
s6482,United States
s6483,Argentina
s6484,Malaysia
s6485,Pakistan
s6486,India
s6487,United States
s6488,United Kingdom
s6489,Brazil
s6489,France
s6489,Germany
s6490,United Kingdom
s6491,United Kingdom
s6492,United States
s6493,United States
s6493,United Kingdom
s6493,Australia
s6494,United States
s6495,United States
s6496,India
s6497,United States
s6498,United States
s6499,United Kingdom
s6500,United States
s6501,United Kingdom
s6501,United States
s6502,Germany
s6502,United States
s6502,Hong Kong
s6502,Singapore
s6503,France
s6503,Germany
s6503,Switzerland
s6504,United States
s6505,Unknown
s6506,Unknown
s6507,Unknown
s6508,Unknown
s6509,Unknown
s6510,Unknown
s6511,United States
s6511,Germany
s6512,United States
s6513,India
s6514,United States
s6515,United States
s6516,India
s6517,Germany
s6517,France
s6517,Luxembourg
s6517,United Kingdom
s6517,United States
s6518,India
s6519,Canada
s6519,United States
s6519,United Kingdom
s6520,United States
s6521,Unknown
s6522,United States
s6523,India
s6524,United Kingdom
s6524,Canada
s6524,Italy
s6525,United States
s6526,Czech Republic
s6526,France
s6527,United States
s6528,Vietnam
s6529,Ireland
s6530,Turkey
s6531,India
s6532,Unknown
s6533,United States
s6534,United States
s6535,Canada
s6536,Unknown
s6537,United States
s6538,Canada
s6539,Australia
s6540,United States
s6541,United States
s6541,Germany
s6542,India
s6543,France
s6544,Taiwan
s6544,Hong Kong
s6544,United States
s6544,China
s6545,United States
s6546,United States
s6547,India
s6548,Turkey
s6549,United States
s6550,United Kingdom
s6551,United States
s6552,United States
s6553,Argentina
s6554,India
s6555,United States
s6555,India
s6556,United States
s6557,Australia
s6558,Germany
s6558,Australia
s6559,Germany
s6560,Mexico
s6561,United Kingdom
s6562,United States
s6563,United States
s6564,Ireland
s6565,India
s6566,United Kingdom
s6566,Poland
s6566,United States
s6567,United States
s6567,United Kingdom
s6567,France
s6568,India
s6569,India
s6570,India
s6571,United Kingdom
s6571,United States
s6572,China
s6573,Taiwan
s6574,United States
s6575,Netherlands
s6576,United States
s6577,United Kingdom
s6578,India
s6579,United States
s6580,United States
s6581,India
s6582,United States
s6583,Canada
s6584,United States
s6585,United States
s6586,United Kingdom
s6587,United States
s6588,Australia
s6589,India
s6590,United States
s6591,United States
s6592,Denmark
s6592,Zimbabwe
s6593,United States
s6594,United States
s6595,Unknown
s6596,United States
s6597,Egypt
s6598,United Kingdom
s6598,South Africa
s6599,United States
s6600,Finland
s6600,Sweden
s6600,Norway
s6600,Latvia
s6600,Germany
s6601,Canada
s6602,India
s6603,India
s6604,United States
s6605,India
s6606,China
s6606,Hong Kong
s6607,United Kingdom
s6608,United Kingdom
s6609,France
s6609,Belgium
s6610,United Kingdom
s6610,United States
s6611,India
s6612,United States
s6613,United States
s6614,Canada
s6615,Hong Kong
s6616,United States
s6617,United States
s6618,South Africa
s6618,United States
s6618,New Zealand
s6618,Canada
s6619,Unknown
s6620,United States
s6620,Italy
s6620,United Kingdom
s6620,Liechtenstein
s6621,United States
s6622,United States
s6623,United States
s6624,Denmark
s6624,France
s6624,Belgium
s6624,Italy
s6624,Netherlands
s6624,United States
s6624,United Kingdom
s6625,United States
s6626,United States
s6627,United States
s6627,Australia
s6627,Mexico
s6628,France
s6629,France
s6630,France
s6631,United Kingdom
s6632,United Kingdom
s6633,United States
s6634,United States
s6635,United Kingdom
s6635,Czech Republic
s6635,Germany
s6635,United States
s6636,United States
s6637,Hong Kong
s6638,United States
s6639,United States
s6640,United States
s6641,France
s6641,China
s6641,Japan
s6641,United States
s6642,United States
s6643,United States
s6644,United States
s6645,United States
s6646,Unknown
s6647,United States
s6647,South Korea
s6647,China
s6648,United States
s6649,Germany
s6650,Germany
s6650,Belgium
s6651,United States
s6652,United States
s6653,United States
s6653,Chile
s6654,Pakistan
s6654,Norway
s6654,United States
s6655,India
s6656,United States
s6657,United Kingdom
s6658,United States
s6659,Brazil
s6660,United Kingdom
s6661,Unknown
s6662,United States
s6663,United States
s6664,Taiwan
s6665,United States
s6666,United States
s6667,India
s6668,India
s6669,India
s6670,India
s6671,United States
s6671,Canada
s6671,Belgium
s6671,United Kingdom
s6672,Spain
s6673,Colombia
s6674,Colombia
s6675,Mexico
s6676,Venezuela
s6677,United States
s6678,Spain
s6679,United States
s6680,Unknown
s6681,Netherlands
s6682,United Kingdom
s6683,United States
s6684,France
s6685,Unknown
s6686,Unknown
s6687,United Kingdom
s6688,United States
s6689,Indonesia
s6690,Australia
s6691,United States
s6692,Canada
s6692,France
s6692,Italy
s6692,Morocco
s6692,United States
s6693,United States
s6694,Unknown
s6695,India
s6696,United Kingdom
s6697,United States
s6698,Unknown
s6699,Canada
s6699,Spain
s6699,France
s6700,United States
s6701,Canada
s6702,Hong Kong
s6702,United States
s6703,United States
s6703,Indonesia
s6704,United States
s6705,Poland
s6706,Argentina
s6707,Mexico
s6708,India
s6709,Italy
s6710,Unknown
s6711,United States
s6712,United Kingdom
s6712,United States
s6713,United States
s6714,Spain
s6714,France
s6714,Italy
s6715,United Kingdom
s6716,United States
s6717,United Kingdom
s6718,China
s6719,Unknown
s6720,United States
s6721,Norway
s6722,United States
s6723,United States
s6724,United States
s6725,United Kingdom
s6725,United States
s6726,Turkey
s6727,Turkey
s6728,Turkey
s6729,Turkey
s6730,United States
s6731,United States
s6732,Japan
s6733,United Kingdom
s6734,India
s6735,United States
s6736,United States
s6737,Germany
s6738,India
s6739,United States
s6740,India
s6741,Egypt
s6742,Unknown
s6743,United Kingdom
s6744,United States
s6745,India
s6746,United States
s6747,United States
s6748,Nigeria
s6749,United Kingdom
s6750,United States
s6751,Turkey
s6752,United States
s6753,Indonesia
s6754,United States
s6755,United States
s6755,Canada
s6756,United States
s6756,Germany
s6757,Italy
s6757,France
s6758,India
s6759,United States
s6760,United Kingdom
s6760,Canada
s6760,United States
s6761,United Kingdom
s6762,Unknown
s6763,United States
s6764,Unknown
s6765,United Arab Emirates
s6766,Hong Kong
s6767,United States
s6768,Canada
s6768,United States
s6769,Egypt
s6770,United States
s6771,South Korea
s6772,Hong Kong
s6773,United Arab Emirates
s6773,United States
s6773,United Kingdom
s6774,Unknown
s6775,United States
s6776,Spain
s6777,United States
s6778,United States
s6779,Mexico
s6780,United Kingdom
s6781,United States
s6782,United States
s6783,United States
s6784,United Kingdom
s6785,United States
s6786,United Kingdom
s6787,Brazil
s6788,United Kingdom
s6788,Israel
s6788,Russia
s6789,United Kingdom
s6790,United States
s6791,Germany
s6791,United States
s6792,Spain
s6792,Cuba
s6793,United Kingdom
s6794,United States
s6794,Germany
s6795,United States
s6795,Brazil
s6796,United States
s6797,United States
s6798,United States
s6799,United States
s6799,France
s6799,Mexico
s6800,United States
s6800,Nicaragua
s6801,Egypt
s6802,United States
s6803,United States
s6804,United States
s6805,United States
s6806,Germany
s6807,United States
s6808,Egypt
s6809,France
s6809,United Kingdom
s6809,United States
s6810,United States
s6811,United Kingdom
s6811,United States
s6811,Spain
s6811,Germany
s6811,Greece
s6811,Canada
s6812,United Kingdom
s6812,United States
s6812,Spain
s6812,Germany
s6812,Greece
s6812,Canada
s6813,United Kingdom
s6813,United States
s6813,Spain
s6813,Germany
s6813,Greece
s6813,Canada
s6814,United States
s6815,Canada
s6815,United States
s6816,United States
s6817,Vietnam
s6818,United States
s6818,United Kingdom
s6819,United States
s6820,Brazil
s6820,France
s6821,India
s6822,Russia
s6823,United States
s6824,Indonesia
s6825,Taiwan
s6826,India
s6827,United States
s6827,Italy
s6828,Japan
s6829,Indonesia
s6830,Indonesia
s6831,Japan
s6831,United States
s6832,India
s6833,India
s6834,United States
s6835,United Kingdom
s6836,United Kingdom
s6837,Sweden
s6838,United States
s6838,Australia
s6839,Italy
s6839,Canada
s6839,France
s6840,United States
s6841,United Kingdom
s6841,United States
s6842,United States
s6843,United States
s6844,United States
s6845,India
s6846,Thailand
s6846,United States
s6847,Japan
s6848,United States
s6848,Australia
s6849,Japan
s6850,United States
s6851,Japan
s6852,India
s6853,Indonesia
s6854,United States
s6855,United Kingdom
s6855,Denmark
s6855,Canada
s6855,Croatia
s6856,Philippines
s6857,United States
s6858,Unknown
s6859,United States
s6860,United States
s6861,China
s6861,Hong Kong
s6862,United States
s6863,United States
s6864,United Kingdom
s6865,India
s6866,Japan
s6867,United Kingdom
s6867,United States
s6868,United States
s6869,United States
s6870,Australia
s6871,India
s6872,Italy
s6872,Germany
s6873,United States
s6874,Turkey
s6875,United States
s6876,United States
s6877,United States
s6878,Egypt
s6879,United States
s6879,France
s6879,United Kingdom
s6879,Japan
s6880,United States
s6880,United Kingdom
s6880,Denmark
s6880,Sweden
s6881,United States
s6882,United States
s6883,United States
s6883,Canada
s6884,United States
s6884,United Kingdom
s6885,United States
s6885,United Kingdom
s6885,Italy
s6886,United States
s6887,United States
s6887,France
s6887,Canada
s6887,Spain
s6888,India
s6889,Germany
s6889,United States
s6890,United Kingdom
s6891,Spain
s6892,India
s6893,United States
s6894,United States
s6895,United Kingdom
s6896,United Kingdom
s6897,United States
s6898,Nigeria
s6899,United States
s6900,United States
s6901,Canada
s6902,Japan
s6903,United Kingdom
s6904,Chile
s6905,Turkey
s6906,Turkey
s6907,Unknown
s6908,India
s6909,Turkey
s6910,United States
s6910,United Kingdom
s6910,Canada
s6911,United States
s6911,Japan
s6912,United States
s6913,India
s6914,United States
s6915,Egypt
s6916,United States
s6917,United States
s6918,United States
s6919,United Kingdom
s6920,Taiwan
s6921,United States
s6922,Mexico
s6923,United Kingdom
s6924,United States
s6925,United Kingdom
s6926,Russia
s6926,United States
s6926,China
s6927,Unknown
s6928,United States
s6929,United States
s6929,Canada
s6929,Germany
s6930,United States
s6931,United Kingdom
s6932,United States
s6932,Canada
s6933,Malaysia
s6934,United States
s6935,United States
s6936,United States
s6937,India
s6938,Indonesia
s6939,United States
s6940,United States
s6941,Australia
s6942,Canada
s6942,United States
s6943,United States
s6944,Ireland
s6944,United States
s6945,United States
s6945,United Arab Emirates
s6946,United States
s6947,United States
s6948,Australia
s6949,United States
s6950,United States
s6951,United States
s6952,Canada
s6953,United States
s6953,China
s6954,United States
s6954,Canada
s6955,United States
s6956,Canada
s6956,United Kingdom
s6957,United States
s6958,United States
s6959,United States
s6960,United States
s6961,India
s6962,United States
s6963,Hong Kong
s6963,China
s6964,Denmark
s6965,United States
s6966,South Korea
s6967,India
s6968,China
s6969,Australia
s6970,Canada
s6971,United States
s6972,United Kingdom
s6973,United Kingdom
s6974,India
s6974,United States
s6975,Argentina
s6976,India
s6977,Australia
s6978,United States
s6979,United Kingdom
s6980,France
s6981,Pakistan
s6982,United States
s6983,Turkey
s6984,Australia
s6985,United States
s6985,Ireland
s6986,United States
s6987,Thailand
s6988,Thailand
s6989,India
s6990,Unknown
s6991,United States
s6992,United States
s6993,United States
s6994,India
s6995,United States
s6996,United States
s6996,South Africa
s6997,Thailand
s6998,United States
s6998,Canada
s6999,United Kingdom
s7000,India
s7001,Ireland
s7001,United Kingdom
s7001,Italy
s7001,United States
s7002,Unknown
s7003,United States
s7004,United States
s7005,United Kingdom
s7006,United States
s7007,Belgium
s7008,Poland
s7009,United States
s7010,United States
s7010,Canada
s7011,United States
s7011,Canada
s7012,Slovenia
s7012,Croatia
s7012,Germany
s7012,Czech Republic
s7012,Qatar
s7013,United States
s7013,United Kingdom
s7014,United States
s7015,Mexico
s7015,United States
s7016,United States
s7017,Canada
s7017,United Kingdom
s7017,Netherlands
s7018,Unknown
s7019,United States
s7020,United States
s7021,India
s7022,United States
s7023,India
s7024,India
s7025,Pakistan
s7026,United Kingdom
s7027,Canada
s7028,United States
s7028,Spain
s7028,Germany
s7029,United Kingdom
s7030,United States
s7030,Italy
s7031,United States
s7032,United States
s7033,United States
s7034,Unknown
s7035,Argentina
s7036,India
s7036,Japan
s7037,United Kingdom
s7038,United States
s7039,United States
s7040,Mexico
s7041,China
s7042,China
s7042,South Korea
s7042,United States
s7043,United Kingdom
s7044,United States
s7045,United States
s7046,Unknown
s7047,Thailand
s7048,United Kingdom
s7048,France
s7048,Belgium
s7049,United States
s7050,United States
s7051,United States
s7052,Canada
s7052,Ireland
s7052,United States
s7053,China
s7053,Hong Kong
s7054,India
s7055,United States
s7056,United States
s7056,France
s7057,United States
s7058,United States
s7058,Germany
s7059,France
s7060,Taiwan
s7061,United States
s7062,United Kingdom
s7062,United States
s7062,Dominican Republic
s7063,Turkey
s7064,Serbia
s7064,United States
s7065,India
s7066,United Kingdom
s7066,United States
s7067,United States
s7067,Senegal
s7068,United States
s7069,India
s7070,United Kingdom
s7071,United States
s7072,United States
s7073,United States
s7074,United States
s7075,United States
s7076,United States
s7077,United Kingdom
s7078,Germany
s7078,United States
s7079,Germany
s7079,United Kingdom
s7079,United States
s7080,India
s7081,United Kingdom
s7082,United States
s7083,Israel
s7084,United Kingdom
s7085,Mexico
s7086,Canada
s7087,United States
s7088,Canada
s7089,Japan
s7090,Japan
s7091,Japan
s7092,United States
s7093,Canada
s7094,South Africa
s7094,Germany
s7094,Netherlands
s7094,France
s7095,India
s7096,India
s7097,United States
s7098,United States
s7099,Canada
s7099,United States
s7099,United Kingdom
s7099,France
s7099,Luxembourg
s7100,India
s7101,United Kingdom
s7102,South Korea
s7103,India
s7104,United States
s7105,Unknown
s7106,Spain
s7107,Egypt
s7108,United States
s7109,Unknown
s7110,India
s7111,France
s7111,Belgium
s7112,Canada
s7113,United States
s7113,Ireland
s7114,United States
s7115,Vietnam
s7116,India
s7117,Unknown
s7118,India
s7119,India
s7120,Pakistan
s7121,Japan
s7122,United States
s7123,Poland
s7124,United States
s7125,United States
s7126,United States
s7127,United States
s7128,Ireland
s7128,United States
s7128,France
s7129,United States
s7130,India
s7131,United States
s7132,Russia
s7133,United States
s7134,Unknown
s7135,United Kingdom
s7136,India
s7137,United States
s7138,India
s7139,Unknown
s7140,United States
s7141,United Kingdom
s7142,India
s7143,Chile
s7144,Mexico
s7145,India
s7146,United States
s7147,Unknown
s7148,United States
s7149,United States
s7150,United States
s7151,United States
s7152,United States
s7152,Australia
s7153,Germany
s7153,United States
s7153,Canada
s7154,Hong Kong
s7155,United States
s7156,Japan
s7157,United Kingdom
s7157,Germany
s7157,Canada
s7157,United States
s7158,Turkey
s7159,India
s7160,India
s7161,India
s7162,India
s7163,India
s7164,India
s7165,United States
s7165,France
s7165,Canada
s7165,Lebanon
s7165,Qatar
s7166,India
s7167,United Kingdom
s7168,India
s7169,India
s7170,India
s7171,United States
s7172,India
s7173,United States
s7174,India
s7175,India
s7176,United States
s7177,United States
s7178,United States
s7179,United States
s7180,United States
s7181,United States
s7182,United States
s7183,Pakistan
s7184,India
s7185,India
s7186,India
s7187,India
s7188,India
s7189,India
s7190,India
s7191,India
s7192,United States
s7193,United States
s7194,United States
s7195,Philippines
s7196,Netherlands
s7196,Belgium
s7196,United Kingdom
s7196,United States
s7197,Unknown
s7198,United States
s7198,Japan
s7199,United States
s7200,United Kingdom
s7201,France
s7202,United States
s7203,United States
s7204,United States
s7205,United States
s7206,Hungary
s7207,United Kingdom
s7208,United States
s7209,United States
s7209,Canada
s7210,Unknown
s7211,United States
s7212,France
s7212,Belgium
s7212,China
s7212,United States
s7213,India
s7214,United States
s7215,Unknown
s7216,United Kingdom
s7217,Malaysia
s7218,Japan
s7219,United States
s7219,Chile
s7219,Israel
s7220,United States
s7221,United States
s7221,United Kingdom
s7221,Australia
s7222,United Kingdom
s7223,Unknown
s7224,United Kingdom
s7224,Norway
s7224,Denmark
s7224,Germany
s7224,Sweden
s7225,India
s7226,Norway
s7226,Denmark
s7226,Sweden
s7227,Unknown
s7228,Unknown
s7229,Unknown
s7230,Unknown
s7231,India
s7232,Unknown
s7233,Unknown
s7234,Unknown
s7235,United States
s7236,Unknown
s7237,United States
s7238,United States
s7239,India
s7240,Hong Kong
s7240,China
s7240,United States
s7241,Mexico
s7241,United States
s7242,United States
s7243,China
s7243,India
s7243,Nepal
s7244,Unknown
s7245,United Kingdom
s7246,Turkey
s7247,Turkey
s7248,India
s7249,United States
s7250,India
s7251,Argentina
s7252,United States
s7253,United States
s7254,Italy
s7255,United States
s7256,Unknown
s7257,Mexico
s7258,Mexico
s7259,Colombia
s7259,Mexico
s7259,United States
s7260,India
s7261,Thailand
s7262,Hong Kong
s7263,United States
s7264,United States
s7265,Colombia
s7266,India
s7267,United Kingdom
s7268,United States
s7268,Mexico
s7269,South Korea
s7270,United States
s7271,United Kingdom
s7271,South Korea
s7272,United States
s7272,France
s7273,France
s7274,France
s7275,United States
s7275,Ireland
s7276,United States
s7277,United States
s7278,United States
s7279,Unknown
s7280,United Kingdom
s7281,India
s7282,United States
s7282,Canada
s7283,United States
s7283,Australia
s7284,China
s7285,Hong Kong
s7286,United States
s7287,United States
s7288,Unknown
s7289,Denmark
s7290,Unknown
s7291,Denmark
s7291,China
s7292,Unknown
s7293,United States
s7293,Italy
s7294,France
s7295,United States
s7296,Turkey
s7297,United States
s7298,Canada
s7299,United States
s7300,United States
s7301,United States
s7302,United Kingdom
s7303,Canada
s7304,Hong Kong
s7305,United States
s7306,Mexico
s7307,United States
s7308,United Kingdom
s7309,United States
s7309,India
s7310,Egypt
s7311,Unknown
s7312,Hong Kong
s7313,Australia
s7314,Australia
s7315,Australia
s7316,United States
s7316,Greece
s7316,Brazil
s7317,United States
s7318,Unknown
s7319,Unknown
s7320,Unknown
s7321,United States
s7322,United States
s7323,United States
s7324,United States
s7325,Spain
s7326,Mexico
s7327,United Kingdom
s7328,United Kingdom
s7328,United States
s7329,France
s7329,United States
s7330,Mexico
s7331,United States
s7332,South Korea
s7332,France
s7333,United Kingdom
s7333,United States
s7334,United Kingdom
s7335,Canada
s7336,Hong Kong
s7337,Germany
s7338,India
s7339,Unknown
s7340,Unknown
s7341,Colombia
s7342,United States
s7342,Australia
s7342,Samoa
s7342,United Kingdom
s7343,Canada
s7344,Taiwan
s7345,United States
s7346,Hong Kong
s7347,India
s7348,Hong Kong
s7349,South Korea
s7350,Unknown
s7351,United States
s7352,Egypt
s7353,Indonesia
s7354,United Kingdom
s7355,Germany
s7355,United Kingdom
s7356,United States
s7357,United States
s7358,Hong Kong
s7359,Argentina
s7360,China
s7361,India
s7362,India
s7363,Argentina
s7363,Chile
s7363,Peru
s7364,India
s7365,India
s7365,France
s7366,United States
s7367,India
s7368,Australia
s7368,United States
s7369,United States
s7370,United States
s7371,United States
s7372,Hong Kong
s7373,India
s7374,United States
s7375,Chile
s7376,Italy
s7377,Japan
s7378,France
s7378,Belgium
s7379,France
s7380,Norway
s7381,India
s7382,India
s7383,India
s7384,India
s7385,Hong Kong
s7386,Turkey
s7386,Azerbaijan
s7387,India
s7388,India
s7389,India
s7390,United States
s7391,United States
s7391,China
s7391,Hong Kong
s7392,United Kingdom
s7392,France
s7393,Unknown
s7394,India
s7395,India
s7396,United States
s7397,United States
s7398,United States
s7399,United Kingdom
s7400,United Kingdom
s7401,India
s7402,India
s7403,United Kingdom
s7404,Canada
s7404,United States
s7405,United States
s7406,Unknown
s7407,United States
s7408,India
s7409,United States
s7410,United States
s7411,Hong Kong
s7411,China
s7412,United States
s7413,United States
s7414,India
s7415,Unknown
s7416,United States
s7417,Japan
s7418,United States
s7418,United Kingdom
s7419,United Kingdom
s7420,India
s7421,South Korea
s7422,Argentina
s7423,India
s7424,United States
s7425,Hong Kong
s7426,Egypt
s7427,United States
s7428,United States
s7429,India
s7430,Mexico
s7431,Canada
s7432,United States
s7433,Canada
s7434,Poland
s7434,West Germany
s7435,United Kingdom
s7436,United Kingdom
s7437,Australia
s7438,India
s7439,Unknown
s7440,United States
s7441,South Korea
s7442,Germany
s7442,United States
s7442,Sweden
s7443,United States
s7444,United States
s7445,Canada
s7445,Spain
s7446,Indonesia
s7447,Unknown
s7448,Spain
s7449,Nigeria
s7450,United States
s7451,India
s7452,United Kingdom
s7453,United States
s7453,Cambodia
s7454,India
s7455,United States
s7455,Greece
s7456,Unknown
s7457,United States
s7458,France
s7459,India
s7460,United States
s7461,Canada
s7461,United States
s7462,United States
s7462,Canada
s7463,India
s7464,Mexico
s7465,Japan
s7466,Norway
s7466,United Kingdom
s7466,France
s7466,Ireland
s7467,United States
s7468,United States
s7469,Taiwan
s7470,United States
s7471,United States
s7472,United States
s7472,United Kingdom
s7473,United Kingdom
s7473,Poland
s7474,Malaysia
s7475,United States
s7476,India
s7477,United States
s7478,United States
s7479,Nigeria
s7480,China
s7480,Canada
s7480,United States
s7481,South Korea
s7482,United States
s7483,United States
s7483,Spain
s7484,Unknown
s7485,United States
s7486,United Kingdom
s7487,Canada
s7488,Egypt
s7489,Germany
s7489,United Kingdom
s7490,United States
s7491,United States
s7492,United States
s7493,United States
s7494,United States
s7495,United States
s7496,United States
s7497,United States
s7498,United States
s7499,United States
s7500,United States
s7501,United States
s7502,United States
s7503,Canada
s7504,United States
s7504,Germany
s7505,United Kingdom
s7506,United Kingdom
s7507,United Kingdom
s7507,United States
s7508,United States
s7509,France
s7509,Belgium
s7510,Pakistan
s7510,United States
s7511,Germany
s7511,United States
s7512,United States
s7513,India
s7514,India
s7515,Australia
s7516,United States
s7517,United States
s7518,United States
s7519,Israel
s7519,Sweden
s7519,Germany
s7519,Netherlands
s7520,Hong Kong
s7521,United States
s7522,Canada
s7523,Egypt
s7524,United States
s7525,India
s7526,France
s7527,United States
s7528,United States
s7529,United States
s7530,Spain
s7531,United States
s7532,Canada
s7533,India
s7534,United States
s7535,Egypt
s7536,United States
s7537,Canada
s7538,Italy
s7539,United Kingdom
s7540,Switzerland
s7540,France
s7541,Unknown
s7542,United States
s7542,Canada
s7543,United States
s7543,Canada
s7544,Unknown
s7545,Hong Kong
s7546,United Kingdom
s7547,United States
s7548,United Kingdom
s7549,Thailand
s7550,United Kingdom
s7550,United States
s7551,Unknown
s7552,United States
s7553,India
s7554,United States
s7554,Mexico
s7555,Italy
s7555,India
s7556,Ireland
s7557,United States
s7557,Botswana
s7558,India
s7559,United States
s7560,Japan
s7561,United States
s7562,United States
s7563,Unknown
s7564,United States
s7565,United States
s7566,India
s7567,United States
s7568,United States
s7569,United Kingdom
s7569,United States
s7570,United States
s7571,United States
s7572,United States
s7572,United Kingdom
s7573,United States
s7573,United Kingdom
s7574,United Kingdom
s7575,United Kingdom
s7576,United States
s7577,United States
s7578,Chile
s7578,Argentina
s7578,France
s7578,Spain
s7578,United States
s7579,United States
s7580,United States
s7581,United States
s7582,United States
s7583,India
s7584,United States
s7585,United States
s7586,United States
s7587,Unknown
s7588,United States
s7588,Australia
s7589,Japan
s7590,Canada
s7590,United States
s7591,India
s7592,Chile
s7593,United States
s7594,Norway
s7595,United States
s7596,India
s7596,United States
s7597,United States
s7597,India
s7597,South Korea
s7597,China
s7598,United Kingdom
s7599,United States
s7600,United States
s7601,United States
s7602,United States
s7603,United States
s7604,United States
s7605,United States
s7606,United States
s7607,United States
s7608,United States
s7609,United States
s7610,United States
s7611,United States
s7612,United States
s7613,United States
s7614,United States
s7615,United States
s7616,United States
s7617,United States
s7618,United States
s7619,United States
s7620,United States
s7621,United States
s7622,United States
s7623,United Kingdom
s7623,Canada
s7624,Germany
s7625,Unknown
s7626,Israel
s7627,Italy
s7628,Japan
s7629,United States
s7630,United Kingdom
s7631,Denmark
s7631,Germany
s7631,Belgium
s7631,United Kingdom
s7631,France
s7632,Denmark
s7632,Germany
s7632,Belgium
s7632,United Kingdom
s7632,France
s7632,Sweden
s7633,Unknown
s7634,United Kingdom
s7635,United States
s7636,France
s7636,Switzerland
s7636,Spain
s7636,United States
s7636,United Arab Emirates
s7637,Australia
s7638,United States
s7639,United States
s7640,United States
s7641,Hong Kong
s7642,Spain
s7643,United States
s7644,Thailand
s7645,Thailand
s7646,Unknown
s7647,Canada
s7648,United States
s7649,United States
s7650,France
s7651,Egypt
s7652,Hong Kong
s7653,Brazil
s7653,India
s7653,China
s7653,United States
s7654,India
s7655,United States
s7656,United States
s7657,United States
s7658,United States
s7659,United Kingdom
s7660,Italy
s7660,United States
s7661,Thailand
s7662,United States
s7663,India
s7664,United States
s7665,United States
s7666,India
s7667,United States
s7668,Denmark
s7668,France
s7668,United States
s7668,Sweden
s7669,Australia
s7669,Iraq
s7670,United States
s7671,South Korea
s7672,United Kingdom
s7673,China
s7673,Hong Kong
s7674,Unknown
s7675,United Kingdom
s7676,South Korea
s7677,China
s7677,Morocco
s7677,Hong Kong
s7678,United States
s7679,Hong Kong
s7680,United States
s7681,India
s7682,Australia
s7682,United Arab Emirates
s7683,India
s7684,United Kingdom
s7685,Canada
s7685,United States
s7685,Germany
s7686,China
s7687,United Kingdom
s7688,United Kingdom
s7688,Thailand
s7689,India
s7690,United States
s7691,United States
s7692,India
s7693,Venezuela
s7693,Colombia
s7694,Australia
s7695,Thailand
s7696,United States
s7697,United States
s7698,Hong Kong
s7699,United States
s7700,United Kingdom
s7701,Spain
s7702,United States
s7703,India
s7704,Canada
s7705,United States
s7706,Canada
s7707,India
s7708,India
s7709,United States
s7710,United States
s7711,Colombia
s7711,United States
s7712,United States
s7713,India
s7714,United States
s7715,United States
s7716,Turkey
s7717,United States
s7718,India
s7719,United States
s7720,India
s7721,Thailand
s7722,United States
s7723,United States
s7724,Malaysia
s7725,United Kingdom
s7725,United States
s7726,Ireland
s7726,United Kingdom
s7726,United States
s7727,United States
s7727,Spain
s7728,Canada
s7729,United States
s7730,United States
s7731,France
s7731,Germany
s7731,Czech Republic
s7731,Belgium
s7732,United States
s7733,United States
s7733,Australia
s7734,Unknown
s7735,France
s7735,Belgium
s7736,United States
s7737,India
s7738,Thailand
s7739,Nigeria
s7740,India
s7741,United States
s7742,United States
s7743,India
s7744,United States
s7745,India
s7746,Argentina
s7747,France
s7748,United Kingdom
s7749,United Kingdom
s7750,United States
s7751,France
s7751,Belgium
s7752,United States
s7752,United Kingdom
s7753,United States
s7754,Canada
s7754,United States
s7755,Switzerland
s7755,Vatican City
s7755,Italy
s7755,Germany
s7755,France
s7756,United States
s7757,United States
s7758,Portugal
s7758,France
s7758,Poland
s7758,United States
s7759,United Kingdom
s7760,India
s7761,Unknown
s7762,United States
s7763,Unknown
s7764,United States
s7765,United States
s7765,France
s7765,Japan
s7766,United States
s7767,France
s7767,Japan
s7767,United States
s7768,United States
s7768,France
s7768,Japan
s7769,United States
s7770,United States
s7770,New Zealand
s7771,United States
s7771,New Zealand
s7771,Japan
s7772,United States
s7773,United States
s7773,New Zealand
s7774,United States
s7775,United States
s7776,United States
s7777,United States
s7778,Unknown
s7779,United States
s7780,Unknown
s7781,United States
s7782,United States
s7783,United States
s7784,United States
s7784,France
s7784,Japan
s7785,United States
s7785,Netherlands
s7785,Japan
s7785,France
s7786,United States
s7786,France
s7786,Japan
s7787,United States
s7788,United States
s7789,United States
s7790,India
s7790,Switzerland
s7791,United States
s7792,India
s7793,United States
s7794,United States
s7795,Hong Kong
s7796,Unknown
s7797,United States
s7798,United States
s7799,United States
s7800,Canada
s7801,Argentina
s7802,India
s7803,United States
s7804,Canada
s7804,India
s7805,United Kingdom
s7806,India
s7807,India
s7808,United States
s7809,United States
s7810,United Kingdom
s7810,United States
s7811,Taiwan
s7812,United States
s7812,Morocco
s7813,Unknown
s7814,Unknown
s7815,United States
s7816,Unknown
s7817,United States
s7818,United States
s7819,Brazil
s7820,India
s7821,United States
s7822,India
s7823,United States
s7824,China
s7825,India
s7826,India
s7827,United States
s7828,India
s7829,India
s7830,Singapore
s7830,Japan
s7830,France
s7831,India
s7832,South Korea
s7833,India
s7834,Pakistan
s7835,United States
s7836,India
s7837,Egypt
s7838,India
s7839,Unknown
s7840,United States
s7841,Mexico
s7842,Canada
s7843,United States
s7844,Australia
s7845,United States
s7846,India
s7847,United Kingdom
s7848,United States
s7849,Unknown
s7850,Egypt
s7851,United Kingdom
s7852,United States
s7853,Malaysia
s7854,Canada
s7854,Mexico
s7854,Germany
s7854,South Africa
s7855,United States
s7856,United Kingdom
s7856,United States
s7856,Canada
s7857,Canada
s7858,Germany
s7858,France
s7858,United States
s7858,Canada
s7858,United Kingdom
s7859,United States
s7860,United States
s7861,Hong Kong
s7862,India
s7863,Unknown
s7864,Hong Kong
s7864,United States
s7865,United Kingdom
s7866,United States
s7866,United Kingdom
s7867,Mexico
s7868,United States
s7869,United States
s7870,India
s7871,United Kingdom
s7871,Ireland
s7872,India
s7873,India
s7874,India
s7875,India
s7876,Nigeria
s7877,Italy
s7878,United Kingdom
s7879,United States
s7879,Japan
s7880,United States
s7881,United States
s7882,United States
s7883,United States
s7884,United States
s7885,United States
s7886,Egypt
s7887,United States
s7888,United States
s7888,Uruguay
s7889,India
s7889,Canada
s7890,Ireland
s7890,Canada
s7890,United Kingdom
s7890,United States
s7891,Canada
s7892,United Kingdom
s7892,Germany
s7893,Thailand
s7894,Unknown
s7895,United States
s7896,United States
s7897,United States
s7898,Mexico
s7899,India
s7900,Mexico
s7901,Hong Kong
s7902,United States
s7902,Germany
s7902,Australia
s7903,India
s7904,United States
s7905,United States
s7906,United States
s7907,Japan
s7908,United States
s7909,United States
s7910,United States
s7911,India
s7912,Italy
s7913,United States
s7914,India
s7915,Italy
s7915,France
s7916,Turkey
s7917,Canada
s7918,India
s7919,Pakistan
s7920,India
s7921,United States
s7922,India
s7923,India
s7924,India
s7925,Egypt
s7926,India
s7927,India
s7928,Egypt
s7929,South Africa
s7929,United States
s7930,Unknown
s7931,United States
s7932,India
s7933,India
s7934,United States
s7935,Australia
s7935,France
s7935,Ireland
s7936,France
s7937,Canada
s7938,Australia
s7938,India
s7939,India
s7940,India
s7941,India
s7942,United States
s7943,Unknown
s7944,India
s7945,India
s7946,United States
s7947,United States
s7948,Egypt
s7949,United States
s7950,United States
s7950,United Kingdom
s7950,Australia
s7951,United States
s7952,United States
s7953,United States
s7954,United States
s7955,Italy
s7955,France
s7956,United States
s7957,United States
s7958,United States
s7959,United States
s7960,United States
s7961,United States
s7961,United Kingdom
s7961,Canada
s7961,Japan
s7962,United States
s7963,United States
s7964,United States
s7965,United States
s7966,Sweden
s7966,United Kingdom
s7966,Finland
s7967,United States
s7968,Hong Kong
s7968,Taiwan
s7969,South Korea
s7970,United States
s7970,United Kingdom
s7970,Spain
s7970,South Korea
s7971,United States
s7972,United States
s7973,United States
s7974,United Kingdom
s7975,United States
s7976,United Kingdom
s7977,United States
s7978,United Kingdom
s7979,United Kingdom
s7980,United States
s7980,United Kingdom
s7981,Turkey
s7982,United Kingdom
s7982,France
s7982,United States
s7983,Canada
s7984,Guatemala
s7985,Ukraine
s7986,United States
s7987,United States
s7988,United States
s7989,United Kingdom
s7989,France
s7990,Mexico
s7991,United States
s7992,Israel
s7993,India
s7994,Italy
s7994,South Africa
s7994,West Germany
s7994,Australia
s7994,United States
s7995,India
s7996,India
s7997,India
s7998,Hong Kong
s7999,United States
s8000,India
s8001,United States
s8002,United States
s8003,United Kingdom
s8003,United States
s8004,United States
s8004,Germany
s8004,United Kingdom
s8004,Australia
s8005,India
s8006,United States
s8007,Australia
s8008,Australia
s8009,India
s8010,United States
s8011,United States
s8011,United Arab Emirates
s8012,United Kingdom
s8012,United States
s8013,India
s8013,United States
s8014,Thailand
s8015,Italy
s8015,France
s8015,Switzerland
s8016,United States
s8017,India
s8018,United States
s8019,Canada
s8019,France
s8019,United States
s8020,United States
s8021,Russia
s8022,Colombia
s8022,Mexico
s8022,United States
s8023,United States
s8023,Colombia
s8024,India
s8025,Indonesia
s8026,Switzerland
s8026,United States
s8027,Peru
s8028,United States
s8029,United States
s8030,Thailand
s8030,Canada
s8030,United States
s8031,United States
s8032,United States
s8033,China
s8033,Hong Kong
s8033,United States
s8034,China
s8034,Hong Kong
s8035,United States
s8035,France
s8036,United States
s8037,United States
s8038,United States
s8039,United States
s8040,United States
s8041,United States
s8042,United Kingdom
s8042,New Zealand
s8043,United States
s8044,United States
s8045,United States
s8046,United States
s8047,United States
s8048,India
s8049,United States
s8050,Indonesia
s8051,Mexico
s8052,United States
s8053,United States
s8054,Czech Republic
s8054,United Kingdom
s8054,France
s8055,United States
s8056,United States
s8057,Australia
s8057,United Kingdom
s8057,Canada
s8058,United States
s8059,Thailand
s8060,United States
s8061,United States
s8062,United Kingdom
s8063,United States
s8064,United States
s8065,United States
s8066,United States
s8067,United Kingdom
s8068,United States
s8069,United States
s8070,United Kingdom
s8071,United States
s8072,United States
s8073,United States
s8073,France
s8074,Jamaica
s8074,United States
s8075,United States
s8076,United States
s8077,United States
s8078,Spain
s8079,United States
s8080,United States
s8081,Canada
s8082,Canada
s8082,United States
s8082,United Kingdom
s8083,United States
s8084,United States
s8085,United Kingdom
s8086,Switzerland
s8087,United States
s8088,United States
s8089,Egypt
s8090,United States
s8091,India
s8092,Thailand
s8093,United States
s8094,United States
s8094,Canada
s8095,South Korea
s8096,United States
s8097,Australia
s8097,United Kingdom
s8097,United States
s8097,New Zealand
s8097,Italy
s8097,France
s8098,United States
s8099,India
s8100,United States
s8101,Canada
s8102,United States
s8102,United Kingdom
s8103,France
s8103,United States
s8103,Canada
s8104,Australia
s8104,United Kingdom
s8105,Netherlands
s8105,Belgium
s8106,United States
s8107,United States
s8108,South Korea
s8109,Brazil
s8110,Unknown
s8111,United States
s8112,United States
s8113,Italy
s8113,France
s8114,Thailand
s8115,India
s8116,Israel
s8117,United Kingdom
s8117,France
s8117,Canada
s8117,Belgium
s8117,United States
s8118,South Korea
s8119,United States
s8120,Denmark
s8120,United Kingdom
s8120,Sweden
s8121,India
s8121,France
s8122,India
s8123,India
s8124,United States
s8125,India
s8126,United States
s8126,South Korea
s8126,China
s8127,United States
s8128,United States
s8129,United States
s8130,United Kingdom
s8131,United States
s8132,Indonesia
s8133,United States
s8134,United States
s8135,United States
s8136,United States
s8137,India
s8138,Unknown
s8139,United States
s8139,United Kingdom
s8140,United States
s8140,Canada
s8141,United States
s8141,Sweden
s8142,China
s8142,Hong Kong
s8143,Hong Kong
s8144,United States
s8145,India
s8146,India
s8147,United States
s8147,Germany
s8148,France
s8148,United States
s8149,United Kingdom
s8149,United States
s8150,India
s8151,France
s8152,United States
s8153,United States
s8154,Egypt
s8155,United States
s8156,United States
s8157,India
s8158,United States
s8159,Hong Kong
s8159,United States
s8160,United States
s8160,Hong Kong
s8161,Unknown
s8162,India
s8163,United States
s8163,Kazakhstan
s8164,Argentina
s8164,France
s8164,United States
s8164,Germany
s8164,Qatar
s8165,Hong Kong
s8166,Mexico
s8167,United States
s8167,Germany
s8167,United Kingdom
s8168,United States
s8168,Germany
s8168,United Kingdom
s8168,Italy
s8169,France
s8170,United States
s8171,India
s8172,United Kingdom
s8172,India
s8173,India
s8174,India
s8175,United States
s8176,United States
s8177,United States
s8178,Mexico
s8178,Spain
s8179,Canada
s8180,United States
s8181,Unknown
s8182,Canada
s8183,Australia
s8184,United States
s8185,United States
s8185,New Zealand
s8185,United Kingdom
s8186,Argentina
s8187,South Korea
s8188,United States
s8189,United States
s8190,United States
s8191,Finland
s8191,United States
s8192,United States
s8193,Egypt
s8194,Singapore
s8195,Spain
s8195,France
s8195,Uruguay
s8196,Canada
s8196,United States
s8197,United States
s8197,Canada
s8198,France
s8198,Canada
s8198,United States
s8199,United Kingdom
s8199,United States
s8200,Unknown
s8201,United States
s8202,United Kingdom
s8203,United States
s8204,Hong Kong
s8205,United States
s8206,United States
s8207,Unknown
s8208,Brazil
s8209,United Kingdom
s8210,United Kingdom
s8211,United States
s8212,United States
s8213,Canada
s8213,United States
s8214,United States
s8215,United Kingdom
s8216,United States
s8217,United Kingdom
s8218,United States
s8219,France
s8220,United States
s8221,United States
s8222,United States
s8222,Canada
s8222,China
s8223,United Kingdom
s8223,United States
s8224,United States
s8225,United States
s8226,Ireland
s8226,Canada
s8226,Luxembourg
s8226,United States
s8226,United Kingdom
s8226,Philippines
s8226,India
s8227,United States
s8228,Nigeria
s8229,United States
s8229,Czech Republic
s8229,United Kingdom
s8230,United States
s8231,Unknown
s8232,Hong Kong
s8233,United States
s8233,China
s8234,United States
s8235,Israel
s8235,Germany
s8236,India
s8237,Canada
s8238,United States
s8239,United States
s8240,United States
s8241,Egypt
s8242,Nigeria
s8243,United States
s8244,Australia
s8245,Egypt
s8246,Spain
s8246,Mexico
s8247,Mexico
s8247,France
s8248,United Kingdom
s8248,United States
s8249,United States
s8250,United States
s8251,United Kingdom
s8252,United States
s8253,United States
s8254,Canada
s8255,Israel
s8255,Germany
s8255,Poland
s8255,Luxembourg
s8255,Belgium
s8255,France
s8255,United States
s8256,Egypt
s8257,United States
s8258,South Korea
s8259,United States
s8260,United States
s8261,Poland
s8262,United Kingdom
s8262,Japan
s8262,United States
s8263,United States
s8264,United Kingdom
s8264,United States
s8265,India
s8266,Indonesia
s8267,United States
s8267,United Kingdom
s8268,India
s8269,United Kingdom
s8270,Australia
s8271,Austria
s8271,United States
s8272,Canada
s8272,Australia
s8273,United States
s8273,Hong Kong
s8274,Argentina
s8274,Chile
s8275,United States
s8276,Italy
s8276,United States
s8277,United States
s8278,Japan
s8279,United States
s8280,United States
s8281,Indonesia
s8282,United States
s8282,Hong Kong
s8283,Canada
s8284,United States
s8285,United States
s8286,United States
s8287,United Kingdom
s8287,Lithuania
s8288,United States
s8289,United States
s8290,United States
s8291,United States
s8292,United Kingdom
s8292,United States
s8293,United States
s8294,United Kingdom
s8295,United Kingdom
s8296,United States
s8297,United States
s8298,Nigeria
s8299,United States
s8300,United States
s8300,Greece
s8300,United Kingdom
s8301,Brazil
s8302,United States
s8303,United Kingdom
s8304,Hong Kong
s8305,United States
s8306,United States
s8307,Hong Kong
s8308,United States
s8308,China
s8309,United States
s8310,United Kingdom
s8310,China
s8310,United States
s8310,India
s8311,United Kingdom
s8312,United States
s8313,United States
s8313,Greece
s8314,New Zealand
s8315,United States
s8316,United Kingdom
s8316,United States
s8317,Norway
s8318,Indonesia
s8319,United States
s8320,United States
s8321,United States
s8321,Sweden
s8321,Norway
s8322,India
s8323,Israel
s8324,United States
s8325,United States
s8326,United States
s8327,United Kingdom
s8327,United States
s8327,Morocco
s8328,United States
s8328,United Kingdom
s8328,Morocco
s8329,Unknown
s8330,Unknown
s8331,South Korea
s8332,United Kingdom
s8333,India
s8334,United States
s8334,Australia
s8335,United Kingdom
s8336,United States
s8337,United States
s8338,United States
s8339,United States
s8340,Spain
s8340,Canada
s8340,United States
s8341,Canada
s8342,United States
s8343,Canada
s8344,Spain
s8345,United States
s8346,United States
s8347,Thailand
s8348,Unknown
s8349,United States
s8350,India
s8351,India
s8352,Canada
s8353,United States
s8353,India
s8353,United Arab Emirates
s8354,United Kingdom
s8355,United Kingdom
s8355,United States
s8356,United States
s8357,United Kingdom
s8357,Canada
s8357,France
s8357,United States
s8358,United Kingdom
s8359,Mexico
s8360,Denmark
s8361,United States
s8362,United States
s8363,United States
s8364,United Kingdom
s8365,United Kingdom
s8366,United States
s8367,United Kingdom
s8368,United States
s8369,Unknown
s8370,United Kingdom
s8370,France
s8371,France
s8372,United States
s8373,United States
s8374,India
s8374,Germany
s8374,France
s8375,Indonesia
s8376,United States
s8377,Unknown
s8378,United Kingdom
s8378,United States
s8378,Australia
s8379,Canada
s8379,United States
s8380,South Korea
s8381,United States
s8382,United States
s8383,Belgium
s8383,Ireland
s8383,Netherlands
s8383,Germany
s8383,Afghanistan
s8384,Australia
s8385,France
s8385,United States
s8386,United States
s8387,Brazil
s8388,United Kingdom
s8389,United States
s8390,United States
s8391,United States
s8392,India
s8393,Unknown
s8394,Canada
s8394,United States
s8395,United States
s8396,France
s8396,Canada
s8396,Italy
s8396,United States
s8396,China
s8397,Germany
s8398,United States
s8399,Ireland
s8399,United Kingdom
s8399,Greece
s8399,France
s8399,Netherlands
s8400,Ireland
s8401,United States
s8402,United States
s8403,United States
s8404,Denmark
s8404,Indonesia
s8404,Finland
s8404,Norway
s8404,United Kingdom
s8404,Israel
s8404,France
s8404,United States
s8404,Germany
s8404,Netherlands
s8405,New Zealand
s8405,United States
s8406,New Zealand
s8406,United States
s8407,United Kingdom
s8407,Germany
s8407,United States
s8408,United Kingdom
s8409,Poland
s8410,Hong Kong
s8411,United States
s8411,Australia
s8411,South Africa
s8411,United Kingdom
s8412,United Kingdom
s8412,United States
s8412,Spain
s8412,Germany
s8412,Greece
s8412,Canada
s8413,United States
s8414,United States
s8414,Germany
s8414,Mexico
s8415,United States
s8416,United States
s8417,United States
s8418,United States
s8419,South Korea
s8420,United States
s8421,United States
s8421,United Kingdom
s8422,United States
s8423,United States
s8424,France
s8425,Spain
s8426,Denmark
s8427,United States
s8427,Canada
s8428,New Zealand
s8429,United States
s8430,Sweden
s8431,United States
s8432,United Kingdom
s8433,Italy
s8434,Unknown
s8435,United States
s8436,United States
s8437,United States
s8438,United States
s8439,Canada
s8440,United States
s8441,Germany
s8442,United States
s8443,United States
s8444,United States
s8445,Philippines
s8446,United States
s8447,United Kingdom
s8448,United Kingdom
s8449,United States
s8450,United States
s8451,Unknown
s8452,United States
s8453,United Kingdom
s8453,United States
s8454,Germany
s8455,United States
s8455,Czech Republic
s8456,United States
s8457,Somalia
s8457,Kenya
s8457,Sudan
s8457,South Africa
s8457,United States
s8458,United Kingdom
s8458,United States
s8459,United States
s8460,India
s8461,Egypt
s8462,United States
s8463,Canada
s8463,United States
s8464,South Korea
s8465,United States
s8465,United Kingdom
s8466,United States
s8466,Czech Republic
s8467,United States
s8468,South Korea
s8469,United States
s8470,United States
s8471,United States
s8472,Canada
s8473,Indonesia
s8474,United States
s8474,Germany
s8475,United States
s8476,India
s8477,United Kingdom
s8478,United States
s8478,Canada
s8478,Japan
s8478,Panama
s8479,United States
s8480,United States
s8481,New Zealand
s8482,Unknown
s8483,France
s8484,United Kingdom
s8484,Spain
s8484,Belgium
s8485,Serbia
s8485,South Korea
s8485,Slovenia
s8486,Egypt
s8487,United States
s8488,United Kingdom
s8489,United States
s8490,United States
s8491,Russia
s8492,United Kingdom
s8493,United States
s8494,Australia
s8494,United States
s8495,United States
s8495,United Kingdom
s8496,United States
s8497,Denmark
s8497,United Kingdom
s8497,South Africa
s8497,Sweden
s8497,Belgium
s8498,Australia
s8499,Germany
s8499,Canada
s8499,United States
s8500,United States
s8501,United States
s8502,United States
s8502,France
s8502,Japan
s8503,United States
s8504,United States
s8505,India
s8506,United States
s8507,Italy
s8508,United States
s8509,Mexico
s8510,Indonesia
s8511,Ukraine
s8512,United States
s8513,United States
s8514,United States
s8515,Poland
s8516,United States
s8517,United Kingdom
s8518,United States
s8519,United States
s8520,United States
s8521,United States
s8522,United Kingdom
s8523,United States
s8524,United States
s8524,Canada
s8525,United States
s8526,United States
s8526,United Kingdom
s8527,United States
s8528,United States
s8529,Egypt
s8530,United States
s8531,United Kingdom
s8532,United States
s8532,United Arab Emirates
s8533,United States
s8534,United States
s8535,United States
s8536,United States
s8537,United Kingdom
s8538,United States
s8539,United Kingdom
s8540,Ireland
s8540,Canada
s8540,United States
s8540,United Kingdom
s8541,United States
s8542,United States
s8543,United States
s8544,Thailand
s8545,Unknown
s8546,United States
s8547,Belgium
s8547,France
s8548,United States
s8549,United States
s8550,United States
s8551,Egypt
s8552,United States
s8553,Australia
s8553,United States
s8554,New Zealand
s8554,United Kingdom
s8554,Australia
s8555,United States
s8556,Philippines
s8557,Nigeria
s8558,United States
s8559,United Kingdom
s8559,Canada
s8559,United States
s8560,United States
s8561,China
s8562,United Kingdom
s8563,Israel
s8564,France
s8565,United Kingdom
s8565,United States
s8566,United Kingdom
s8567,Canada
s8568,Taiwan
s8569,Ireland
s8570,Hong Kong
s8571,Canada
s8572,India
s8573,United States
s8574,United States
s8575,Thailand
s8576,South Korea
s8577,China
s8578,Belgium
s8579,India
s8579,United States
s8580,Thailand
s8581,United States
s8582,United States
s8582,Canada
s8583,United Kingdom
s8584,United Kingdom
s8584,Australia
s8584,Canada
s8584,United States
s8585,Hong Kong
s8585,China
s8586,Unknown
s8587,United States
s8588,United States
s8589,China
s8590,China
s8591,India
s8592,India
s8593,Unknown
s8594,Unknown
s8595,United States
s8596,United States
s8597,Germany
s8597,United States
s8597,Italy
s8598,United States
s8598,Venezuela
s8599,United States
s8600,United Kingdom
s8601,Canada
s8602,United Kingdom
s8602,Canada
s8602,Japan
s8603,Unknown
s8604,United Kingdom
s8604,United States
s8605,United Kingdom
s8605,United States
s8605,Czech Republic
s8606,United States
s8607,India
s8608,United States
s8609,United States
s8610,Unknown
s8611,United States
s8612,India
s8613,Thailand
s8614,South Korea
s8615,United Kingdom
s8616,United States
s8617,United Kingdom
s8617,China
s8617,United States
s8618,United Kingdom
s8618,Brazil
s8618,Germany
s8619,United States
s8620,United Kingdom
s8621,Canada
s8622,United States
s8623,Unknown
s8624,United States
s8625,United States
s8626,South Africa
s8626,United States
s8627,United States
s8627,South Africa
s8628,United Kingdom
s8629,India
s8630,India
s8631,India
s8632,United States
s8633,United Kingdom
s8633,Namibia
s8633,South Africa
s8633,Zimbabwe
s8633,United States
s8634,Russia
s8635,United States
s8636,United States
s8637,United States
s8638,United States
s8639,Canada
s8639,United States
s8639,India
s8639,United Kingdom
s8640,India
s8641,United States
s8641,United Kingdom
s8642,United States
s8643,United States
s8644,Japan
s8644,United States
s8645,United States
s8646,United States
s8647,United Kingdom
s8648,India
s8649,United Kingdom
s8650,Canada
s8651,Australia
s8652,United States
s8652,France
s8653,India
s8654,Thailand
s8655,United Kingdom
s8655,Canada
s8655,United States
s8656,United States
s8657,United States
s8658,United States
s8659,Switzerland
s8659,United Kingdom
s8659,United States
s8660,Canada
s8661,United States
s8662,United Kingdom
s8662,Germany
s8663,Canada
s8663,India
s8664,Egypt
s8665,United States
s8666,India
s8667,Egypt
s8668,United States
s8669,United States
s8669,United Kingdom
s8669,Germany
s8670,United States
s8671,United States
s8672,India
s8673,India
s8674,United States
s8675,United Kingdom
s8675,India
s8675,Sweden
s8676,United States
s8677,United Kingdom
s8677,Belgium
s8678,United States
s8679,United States
s8680,Unknown
s8681,India
s8682,India
s8683,Turkey
s8684,India
s8685,South Korea
s8686,United Kingdom
s8687,Pakistan
s8688,India
s8689,India
s8690,United States
s8691,Unknown
s8692,United States
s8693,United Kingdom
s8694,United States
s8695,United States
s8695,Canada
s8696,India
s8697,United States
s8697,India
s8698,United Kingdom
s8699,Egypt
s8700,Mexico
s8701,Poland
s8702,United States
s8703,United States
s8703,Brazil
s8703,India
s8703,Uganda
s8703,China
s8704,United Kingdom
s8704,France
s8704,United States
s8705,United States
s8706,Spain
s8707,United States
s8708,United States
s8709,United States
s8709,Argentina
s8710,Poland
s8711,United States
s8712,Hong Kong
s8713,United Kingdom
s8714,India
s8715,United States
s8716,United States
s8716,France
s8717,United States
s8718,Poland
s8719,Unknown
s8720,China
s8721,Turkey
s8722,Taiwan
s8723,United States
s8724,United Kingdom
s8725,United States
s8726,Indonesia
s8727,United States
s8728,United Kingdom
s8728,India
s8728,United States
s8729,Peru
s8729,United States
s8729,United Kingdom
s8730,Germany
s8730,United States
s8730,United Kingdom
s8730,Canada
s8731,United States
s8732,United States
s8733,United Kingdom
s8734,United Kingdom
s8735,United States
s8736,United States
s8737,Taiwan
s8738,United Kingdom
s8739,Canada
s8739,India
s8739,Thailand
s8739,United States
s8739,United Arab Emirates
s8740,United States
s8741,United Kingdom
s8742,United Kingdom
s8743,United States
s8744,United States
s8745,United Kingdom
s8746,United States
s8746,East Germany
s8746,West Germany
s8747,France
s8747,Netherlands
s8747,South Africa
s8747,Finland
s8748,United States
s8749,Australia
s8750,Turkey
s8751,United States
s8752,United States
s8753,United States
s8754,Canada
s8755,United States
s8756,United States
s8757,United States
s8758,United States
s8759,United Kingdom
s8760,Unknown
s8761,United States
s8762,Pakistan
s8763,India
s8764,United States
s8765,United States
s8766,Canada
s8766,United States
s8767,United States
s8768,United States
s8769,Mexico
s8770,India
s8771,India
s8772,India
s8773,India
s8774,India
s8775,Egypt
s8775,Austria
s8775,United States
s8776,India
s8777,France
s8777,Belgium
s8778,Thailand
s8779,Thailand
s8780,Thailand
s8781,United States
s8782,Japan
s8782,United States
s8783,United States
s8784,Unknown
s8785,Russia
s8785,Spain
s8786,Unknown
s8787,United Kingdom
s8788,United States
s8789,Croatia
s8789,Slovenia
s8789,Serbia
s8789,Montenegro
s8790,Philippines
s8791,United States
s8792,United States
s8793,Hong Kong
s8794,United States
s8795,Egypt
s8795,France
s8796,Japan
s8796,Canada
s8797,Turkey
s8798,United States
s8798,France
s8798,South Korea
s8798,Indonesia
s8799,India
s8800,India
s8801,Pakistan
s8802,United Arab Emirates
s8802,Jordan
s8803,United States
s8804,Unknown
s8805,United States
s8806,United States
s8807,India
